comm_rounds;t8;staleness8;epoch8
1;1100;500.0;99.96
2;1200;800.0;99.92
3;1300;500.0;99.88
4;1400;100.0;99.84
5;1500;600.0;99.8
6;1600;300.0;99.76
7;1700;800.0;99.72
8;1800;500.0;99.68
9;1900;800.0;99.64
10;2000;300.0;99.6
11;2100;800.0;99.56
12;2200;800.0;99.52
13;2300;300.0;99.48
14;2399;693.0;99.44
15;2498;396.0;99.4
16;2597;792.0;99.36
17;2696;198.0;99.32
18;2795;594.0;99.28
19;2894;693.0;99.24
20;2993;495.0;99.2
21;3092;792.0;99.16
22;3191;495.0;99.12
23;3290;693.0;99.08
24;3389;495.0;99.04
25;3488;198.0;99.0
26;3587;297.0;98.96
27;3686;594.0;98.92
28;3785;396.0;98.88
29;3884;396.0;98.84
30;3983;792.0;98.8
31;4082;198.0;98.76
32;4181;891.0;98.72
33;4280;891.0;98.68
34;4379;990.0;98.64
35;4478;990.0;98.6
36;4577;891.0;98.56
37;4676;594.0;98.52
38;4775;495.0;98.48
39;4873;294.0;98.44
40;4971;686.0;98.4
41;5069;392.0;98.36
42;5167;784.0;98.32
43;5265;490.0;98.28
44;5363;980.0;98.24
45;5461;588.0;98.2
46;5559;686.0;98.16
47;5657;588.0;98.12
48;5755;686.0;98.08
49;5853;686.0;98.04
50;5951;980.0;98.0
51;6049;392.0;97.96
52;6147;196.0;97.92
53;6245;784.0;97.88
54;6343;686.0;97.84
55;6441;784.0;97.8
56;6539;784.0;97.76
57;6637;196.0;97.72
58;6735;98.0;97.68
59;6833;784.0;97.64
60;6931;196.0;97.6
61;7029;98.0;97.56
62;7127;686.0;97.52
63;7225;882.0;97.48
64;7322;388.0;97.44
65;7419;582.0;97.4
66;7516;194.0;97.36
67;7613;388.0;97.32
68;7710;679.0;97.28
69;7807;582.0;97.24
70;7904;97.0;97.2
71;8001;873.0;97.16
72;8098;194.0;97.12
73;8195;194.0;97.08
74;8292;776.0;97.04
75;8389;776.0;97.0
76;8486;679.0;96.96
77;8583;679.0;96.92
78;8680;582.0;96.88
79;8777;485.0;96.84
80;8874;582.0;96.8
81;8971;582.0;96.76
82;9068;776.0;96.72
83;9165;194.0;96.68
84;9262;97.0;96.64
85;9359;388.0;96.6
86;9456;97.0;96.56
87;9553;485.0;96.52
88;9650;194.0;96.48
89;9746;480.0;96.44
90;9842;768.0;96.4
91;9938;192.0;96.36
92;10034;384.0;96.32
93;10130;672.0;96.28
94;10226;384.0;96.24
95;10322;672.0;96.2
96;10418;192.0;96.16
97;10514;960.0;96.12
98;10610;576.0;96.08
99;10706;192.0;96.04
100;10802;480.0;96.0
101;10898;288.0;95.96
102;10994;768.0;95.92
103;11090;96.0;95.88
104;11186;288.0;95.84
105;11282;192.0;95.8
106;11378;384.0;95.76
107;11474;576.0;95.72
108;11570;288.0;95.68
109;11666;96.0;95.64
110;11762;192.0;95.6
111;11858;288.0;95.56
112;11954;192.0;95.52
113;12050;192.0;95.48
114;12145;570.0;95.44
115;12240;665.0;95.4
116;12335;665.0;95.36
117;12430;475.0;95.32
118;12525;570.0;95.28
119;12620;570.0;95.24
120;12715;570.0;95.2
121;12810;665.0;95.16
122;12905;665.0;95.12
123;13000;285.0;95.08
124;13095;475.0;95.04
125;13190;190.0;95.0
126;13285;570.0;94.96
127;13380;855.0;94.92
128;13475;190.0;94.88
129;13570;950.0;94.84
130;13665;570.0;94.8
131;13760;570.0;94.76
132;13855;570.0;94.72
133;13950;855.0;94.68
134;14045;475.0;94.64
135;14140;570.0;94.6
136;14235;95.0;94.56
137;14330;95.0;94.52
138;14425;950.0;94.48
139;14519;846.0;94.44
140;14613;658.0;94.4
141;14707;376.0;94.36
142;14801;846.0;94.32
143;14895;188.0;94.28
144;14989;752.0;94.24
145;15083;564.0;94.2
146;15177;564.0;94.16
147;15271;752.0;94.12
148;15365;940.0;94.08
149;15459;752.0;94.04
150;15553;658.0;94.0
151;15647;94.0;93.96
152;15741;940.0;93.92
153;15835;94.0;93.88
154;15929;376.0;93.84
155;16023;188.0;93.8
156;16117;470.0;93.76
157;16211;658.0;93.72
158;16305;282.0;93.68
159;16399;94.0;93.64
160;16493;564.0;93.6
161;16587;658.0;93.56
162;16681;752.0;93.52
163;16775;188.0;93.48
164;16868;93.0;93.44
165;16961;744.0;93.4
166;17054;93.0;93.36
167;17147;186.0;93.32
168;17240;837.0;93.28
169;17333;93.0;93.24
170;17426;186.0;93.2
171;17519;186.0;93.16
172;17612;279.0;93.12
173;17705;186.0;93.08
174;17798;558.0;93.04
175;17891;837.0;93.0
176;17984;744.0;92.96000000000001
177;18077;930.0;92.92
178;18170;651.0;92.88
179;18263;465.0;92.84
180;18356;651.0;92.8
181;18449;651.0;92.76
182;18542;465.0;92.72
183;18635;186.0;92.68
184;18728;837.0;92.64
185;18821;930.0;92.6
186;18914;744.0;92.56
187;19007;837.0;92.52
188;19100;186.0;92.48
189;19192;184.0;92.44
190;19284;460.0;92.4
191;19376;920.0;92.36
192;19468;644.0;92.32
193;19560;920.0;92.28
194;19652;736.0;92.24
195;19744;736.0;92.2
196;19836;736.0;92.16
197;19928;552.0;92.12
198;20020;184.0;92.08
199;20112;276.0;92.03999999999999
200;20204;368.0;92.0
201;20296;184.0;91.96
202;20388;184.0;91.92
203;20480;644.0;91.88
204;20572;644.0;91.84
205;20664;368.0;91.8
206;20756;736.0;91.76
207;20848;460.0;91.72
208;20940;184.0;91.68
209;21032;552.0;91.64
210;21124;552.0;91.6
211;21216;644.0;91.56
212;21308;552.0;91.52
213;21400;552.0;91.48
214;21491;364.0;91.44
215;21582;819.0;91.4
216;21673;273.0;91.36
217;21764;546.0;91.32
218;21855;91.0;91.28
219;21946;273.0;91.24
220;22037;91.0;91.2
221;22128;637.0;91.16
222;22219;546.0;91.12
223;22310;546.0;91.08
224;22401;546.0;91.03999999999999
225;22492;182.0;91.0
226;22583;364.0;90.96
227;22674;182.0;90.92
228;22765;182.0;90.88
229;22856;910.0;90.84
230;22947;546.0;90.8
231;23038;637.0;90.76
232;23129;819.0;90.72
233;23220;728.0;90.68
234;23311;637.0;90.64
235;23402;546.0;90.6
236;23493;91.0;90.56
237;23584;637.0;90.52
238;23675;364.0;90.48
239;23765;900.0;90.44
240;23855;450.0;90.4
241;23945;90.0;90.36
242;24035;540.0;90.32
243;24125;90.0;90.28
244;24215;720.0;90.24
245;24305;90.0;90.2
246;24395;720.0;90.16
247;24485;720.0;90.12
248;24575;900.0;90.08
249;24665;630.0;90.03999999999999
250;24755;900.0;90.0
251;24845;90.0;89.96000000000001
252;24935;360.0;89.92
253;25025;360.0;89.88
254;25115;180.0;89.84
255;25205;90.0;89.8
256;25295;180.0;89.76
257;25385;450.0;89.72
258;25475;720.0;89.68
259;25565;180.0;89.64
260;25655;360.0;89.6
261;25745;90.0;89.56
262;25835;900.0;89.52
263;25925;720.0;89.48
264;26014;890.0;89.44
265;26103;267.0;89.4
266;26192;267.0;89.36
267;26281;356.0;89.32
268;26370;801.0;89.28
269;26459;445.0;89.24
270;26548;356.0;89.2
271;26637;267.0;89.16
272;26726;178.0;89.12
273;26815;445.0;89.08
274;26904;356.0;89.03999999999999
275;26993;356.0;89.0
276;27082;267.0;88.96
277;27171;89.0;88.92
278;27260;623.0;88.88
279;27349;534.0;88.84
280;27438;712.0;88.8
281;27527;267.0;88.75999999999999
282;27616;178.0;88.72
283;27705;623.0;88.68
284;27794;267.0;88.64
285;27883;178.0;88.6
286;27972;712.0;88.56
287;28061;356.0;88.52
288;28150;445.0;88.48
289;28238;352.0;88.44
290;28326;264.0;88.4
291;28414;616.0;88.36
292;28502;440.0;88.32
293;28590;88.0;88.28
294;28678;264.0;88.24
295;28766;704.0;88.2
296;28854;880.0;88.16
297;28942;880.0;88.12
298;29030;264.0;88.08
299;29118;616.0;88.04
300;29206;88.0;88.0
301;29294;792.0;87.96000000000001
302;29382;88.0;87.92
303;29470;88.0;87.88
304;29558;264.0;87.84
305;29646;88.0;87.8
306;29734;352.0;87.76
307;29822;616.0;87.72
308;29910;440.0;87.68
309;29998;88.0;87.64
310;30086;352.0;87.6
311;30174;176.0;87.56
312;30262;88.0;87.52
313;30350;264.0;87.48
314;30437;435.0;87.44
315;30524;348.0;87.4
316;30611;696.0;87.36
317;30698;87.0;87.32
318;30785;87.0;87.28
319;30872;261.0;87.24
320;30959;87.0;87.2
321;31046;87.0;87.16
322;31133;522.0;87.12
323;31220;870.0;87.08
324;31307;261.0;87.03999999999999
325;31394;609.0;87.0
326;31481;609.0;86.96
327;31568;435.0;86.92
328;31655;174.0;86.88
329;31742;348.0;86.84
330;31829;696.0;86.8
331;31916;174.0;86.76
332;32003;348.0;86.72
333;32090;87.0;86.68
334;32177;261.0;86.64
335;32264;609.0;86.6
336;32351;261.0;86.56
337;32438;261.0;86.52
338;32525;522.0;86.48
339;32611;344.0;86.44
340;32697;602.0;86.4
341;32783;860.0;86.36
342;32869;602.0;86.32
343;32955;602.0;86.28
344;33041;344.0;86.24000000000001
345;33127;430.0;86.2
346;33213;258.0;86.16
347;33299;430.0;86.12
348;33385;172.0;86.08
349;33471;774.0;86.04
350;33557;688.0;86.0
351;33643;258.0;85.96000000000001
352;33729;258.0;85.92
353;33815;344.0;85.88
354;33901;860.0;85.84
355;33987;86.0;85.8
356;34073;774.0;85.76
357;34159;516.0;85.72
358;34245;344.0;85.68
359;34331;774.0;85.64
360;34417;688.0;85.6
361;34503;602.0;85.56
362;34589;344.0;85.52
363;34675;516.0;85.48
364;34760;425.0;85.44
365;34845;595.0;85.4
366;34930;255.0;85.36
367;35015;510.0;85.32
368;35100;340.0;85.28
369;35185;510.0;85.24
370;35270;85.0;85.2
371;35355;85.0;85.16
372;35440;595.0;85.12
373;35525;170.0;85.08
374;35610;170.0;85.03999999999999
375;35695;595.0;85.0
376;35780;595.0;84.96000000000001
377;35865;85.0;84.92
378;35950;170.0;84.88
379;36035;510.0;84.84
380;36120;510.0;84.8
381;36205;595.0;84.76
382;36290;170.0;84.72
383;36375;850.0;84.68
384;36460;170.0;84.64
385;36545;595.0;84.6
386;36630;680.0;84.56
387;36715;595.0;84.52
388;36800;340.0;84.48
389;36884;252.0;84.44
390;36968;588.0;84.4
391;37052;504.0;84.36
392;37136;336.0;84.32
393;37220;588.0;84.28
394;37304;504.0;84.24
395;37388;588.0;84.2
396;37472;168.0;84.16
397;37556;252.0;84.12
398;37640;336.0;84.08
399;37724;588.0;84.03999999999999
400;37808;84.0;84.0
401;37892;588.0;83.96000000000001
402;37976;84.0;83.92
403;38060;252.0;83.88
404;38144;672.0;83.84
405;38228;252.0;83.8
406;38312;336.0;83.75999999999999
407;38396;420.0;83.72
408;38480;252.0;83.68
409;38564;252.0;83.64
410;38648;588.0;83.6
411;38732;504.0;83.56
412;38816;672.0;83.52
413;38900;252.0;83.48
414;38983;166.0;83.44
415;39066;581.0;83.4
416;39149;332.0;83.36
417;39232;498.0;83.32
418;39315;498.0;83.28
419;39398;498.0;83.24000000000001
420;39481;415.0;83.2
421;39564;83.0;83.16
422;39647;664.0;83.12
423;39730;415.0;83.08
424;39813;166.0;83.03999999999999
425;39896;332.0;83.0
426;39979;166.0;82.96000000000001
427;40062;664.0;82.92
428;40145;249.0;82.88
429;40228;581.0;82.84
430;40311;581.0;82.8
431;40394;83.0;82.76
432;40477;166.0;82.72
433;40560;83.0;82.68
434;40643;415.0;82.64
435;40726;83.0;82.6
436;40809;664.0;82.56
437;40892;332.0;82.52
438;40975;83.0;82.48
439;41057;410.0;82.44
440;41139;410.0;82.4
441;41221;738.0;82.36
442;41303;656.0;82.32
443;41385;656.0;82.28
444;41467;328.0;82.24
445;41549;82.0;82.2
446;41631;328.0;82.16
447;41713;246.0;82.12
448;41795;410.0;82.08
449;41877;574.0;82.03999999999999
450;41959;328.0;82.0
451;42041;410.0;81.96000000000001
452;42123;574.0;81.92
453;42205;410.0;81.88
454;42287;738.0;81.84
455;42369;82.0;81.8
456;42451;410.0;81.75999999999999
457;42533;738.0;81.72
458;42615;492.0;81.68
459;42697;410.0;81.64
460;42779;656.0;81.6
461;42861;410.0;81.56
462;42943;656.0;81.52
463;43025;410.0;81.48
464;43106;324.0;81.44
465;43187;324.0;81.4
466;43268;567.0;81.36
467;43349;162.0;81.32
468;43430;648.0;81.28
469;43511;243.0;81.24000000000001
470;43592;162.0;81.2
471;43673;81.0;81.16
472;43754;567.0;81.12
473;43835;405.0;81.08
474;43916;243.0;81.03999999999999
475;43997;162.0;81.0
476;44078;405.0;80.96000000000001
477;44159;486.0;80.92
478;44240;648.0;80.88
479;44321;81.0;80.84
480;44402;81.0;80.8
481;44483;162.0;80.76
482;44564;486.0;80.72
483;44645;486.0;80.68
484;44726;405.0;80.64
485;44807;324.0;80.6
486;44888;162.0;80.56
487;44969;567.0;80.52
488;45050;324.0;80.48
489;45130;800.0;80.44
490;45210;480.0;80.4
491;45290;480.0;80.36
492;45370;160.0;80.32
493;45450;560.0;80.28
494;45530;480.0;80.24000000000001
495;45610;160.0;80.2
496;45690;640.0;80.16
497;45770;480.0;80.12
498;45850;800.0;80.08
499;45930;400.0;80.03999999999999
500;46010;640.0;80.0
501;46090;480.0;80.0
502;46170;640.0;80.0
503;46250;80.0;80.0
504;46330;720.0;80.0
505;46410;720.0;80.0
506;46490;640.0;80.0
507;46570;480.0;80.0
508;46650;800.0;80.0
509;46730;240.0;80.0
510;46810;720.0;80.0
511;46890;320.0;80.0
512;46970;80.0;80.0
513;47050;640.0;80.0
514;47130;80.0;80.0
515;47210;560.0;80.0
516;47290;320.0;80.0
517;47370;320.0;80.0
518;47450;240.0;80.0
519;47530;80.0;80.0
520;47610;160.0;80.0
521;47690;480.0;80.0
522;47770;240.0;80.0
523;47850;320.0;80.0
524;47930;240.0;80.0
525;48010;320.0;80.0
526;48090;640.0;80.0
527;48170;560.0;80.0
528;48250;480.0;80.0
529;48330;320.0;80.0
530;48410;240.0;80.0
531;48490;800.0;80.0
532;48570;400.0;80.0
533;48650;560.0;80.0
534;48730;240.0;80.0
535;48810;720.0;80.0
536;48890;640.0;80.0
537;48970;400.0;80.0
538;49050;400.0;80.0
539;49130;80.0;80.0
540;49210;720.0;80.0
541;49290;240.0;80.0
542;49370;560.0;80.0
543;49450;80.0;80.0
544;49530;560.0;80.0
545;49610;480.0;80.0
546;49690;80.0;80.0
547;49770;400.0;80.0
548;49850;800.0;80.0
549;49930;480.0;80.0
550;50010;80.0;80.0
551;50090;560.0;80.0
552;50170;720.0;80.0
553;50250;160.0;80.0
554;50330;240.0;80.0
555;50410;160.0;80.0
556;50490;560.0;80.0
557;50570;240.0;80.0
558;50650;400.0;80.0
559;50730;720.0;80.0
560;50810;320.0;80.0
561;50890;320.0;80.0
562;50970;480.0;80.0
563;51050;560.0;80.0
564;51130;720.0;80.0
565;51210;400.0;80.0
566;51290;800.0;80.0
567;51370;640.0;80.0
568;51450;240.0;80.0
569;51530;560.0;80.0
570;51610;560.0;80.0
571;51690;720.0;80.0
572;51770;720.0;80.0
573;51850;720.0;80.0
574;51930;240.0;80.0
575;52010;720.0;80.0
576;52090;480.0;80.0
577;52170;640.0;80.0
578;52250;80.0;80.0
579;52330;640.0;80.0
580;52410;800.0;80.0
581;52490;640.0;80.0
582;52570;640.0;80.0
583;52650;800.0;80.0
584;52730;320.0;80.0
585;52810;560.0;80.0
586;52890;800.0;80.0
587;52970;720.0;80.0
588;53050;640.0;80.0
589;53130;240.0;80.0
590;53210;560.0;80.0
591;53290;720.0;80.0
592;53370;480.0;80.0
593;53450;720.0;80.0
594;53530;720.0;80.0
595;53610;640.0;80.0
596;53690;640.0;80.0
597;53770;80.0;80.0
598;53850;800.0;80.0
599;53930;800.0;80.0
600;54010;720.0;80.0
601;54090;320.0;80.0
602;54170;640.0;80.0
603;54250;400.0;80.0
604;54330;560.0;80.0
605;54410;640.0;80.0
606;54490;80.0;80.0
607;54570;320.0;80.0
608;54650;720.0;80.0
609;54730;320.0;80.0
610;54810;800.0;80.0
611;54890;240.0;80.0
612;54970;560.0;80.0
613;55050;640.0;80.0
614;55130;640.0;80.0
615;55210;800.0;80.0
616;55290;560.0;80.0
617;55370;560.0;80.0
618;55450;240.0;80.0
619;55530;320.0;80.0
620;55610;320.0;80.0
621;55690;640.0;80.0
622;55770;720.0;80.0
623;55850;720.0;80.0
624;55930;720.0;80.0
625;56010;80.0;80.0
626;56090;480.0;80.0
627;56170;720.0;80.0
628;56250;720.0;80.0
629;56330;320.0;80.0
630;56410;720.0;80.0
631;56490;80.0;80.0
632;56570;240.0;80.0
633;56650;560.0;80.0
634;56730;400.0;80.0
635;56810;560.0;80.0
636;56890;640.0;80.0
637;56970;720.0;80.0
638;57050;480.0;80.0
639;57130;800.0;80.0
640;57210;560.0;80.0
641;57290;800.0;80.0
642;57370;480.0;80.0
643;57450;720.0;80.0
644;57530;160.0;80.0
645;57610;640.0;80.0
646;57690;640.0;80.0
647;57770;480.0;80.0
648;57850;800.0;80.0
649;57930;560.0;80.0
650;58010;560.0;80.0
651;58090;720.0;80.0
652;58170;640.0;80.0
653;58250;640.0;80.0
654;58330;240.0;80.0
655;58410;640.0;80.0
656;58490;720.0;80.0
657;58570;240.0;80.0
658;58650;720.0;80.0
659;58730;640.0;80.0
660;58810;240.0;80.0
661;58890;80.0;80.0
662;58970;480.0;80.0
663;59050;80.0;80.0
664;59130;800.0;80.0
665;59210;240.0;80.0
666;59290;800.0;80.0
667;59370;640.0;80.0
668;59450;800.0;80.0
669;59530;480.0;80.0
670;59610;720.0;80.0
671;59690;720.0;80.0
672;59770;720.0;80.0
673;59850;80.0;80.0
674;59930;640.0;80.0
675;60010;640.0;80.0
676;60090;400.0;80.0
677;60170;240.0;80.0
678;60250;560.0;80.0
679;60330;560.0;80.0
680;60410;160.0;80.0
681;60490;800.0;80.0
682;60570;640.0;80.0
683;60650;720.0;80.0
684;60730;640.0;80.0
685;60810;240.0;80.0
686;60890;720.0;80.0
687;60970;560.0;80.0
688;61050;640.0;80.0
689;61130;800.0;80.0
690;61210;640.0;80.0
691;61290;800.0;80.0
692;61370;800.0;80.0
693;61450;800.0;80.0
694;61530;720.0;80.0
695;61610;800.0;80.0
696;61690;80.0;80.0
697;61770;720.0;80.0
698;61850;160.0;80.0
699;61930;160.0;80.0
700;62010;800.0;80.0
701;62090;640.0;80.0
702;62170;80.0;80.0
703;62250;320.0;80.0
704;62330;800.0;80.0
705;62410;640.0;80.0
706;62490;800.0;80.0
707;62570;480.0;80.0
708;62650;800.0;80.0
709;62730;240.0;80.0
710;62810;640.0;80.0
711;62890;240.0;80.0
712;62970;240.0;80.0
713;63050;560.0;80.0
714;63130;480.0;80.0
715;63210;720.0;80.0
716;63290;80.0;80.0
717;63370;560.0;80.0
718;63450;800.0;80.0
719;63530;400.0;80.0
720;63610;400.0;80.0
721;63690;720.0;80.0
722;63770;720.0;80.0
723;63850;800.0;80.0
724;63930;560.0;80.0
725;64010;640.0;80.0
726;64090;800.0;80.0
727;64170;400.0;80.0
728;64250;240.0;80.0
729;64330;640.0;80.0
730;64410;400.0;80.0
731;64490;720.0;80.0
732;64570;320.0;80.0
733;64650;480.0;80.0
734;64730;80.0;80.0
735;64810;640.0;80.0
736;64890;160.0;80.0
737;64970;640.0;80.0
738;65050;160.0;80.0
739;65130;800.0;80.0
740;65210;80.0;80.0
741;65290;320.0;80.0
742;65370;720.0;80.0
743;65450;720.0;80.0
744;65530;480.0;80.0
745;65610;640.0;80.0
746;65690;160.0;80.0
747;65770;720.0;80.0
748;65850;720.0;80.0
749;65930;800.0;80.0
750;66010;800.0;80.0
751;66090;80.0;80.0
752;66170;720.0;80.0
753;66250;800.0;80.0
754;66330;480.0;80.0
755;66410;480.0;80.0
756;66490;400.0;80.0
757;66570;480.0;80.0
758;66650;160.0;80.0
759;66730;240.0;80.0
760;66810;800.0;80.0
761;66890;240.0;80.0
762;66970;400.0;80.0
763;67050;160.0;80.0
764;67130;560.0;80.0
765;67210;720.0;80.0
766;67290;800.0;80.0
767;67370;800.0;80.0
768;67450;640.0;80.0
769;67530;400.0;80.0
770;67610;160.0;80.0
771;67690;640.0;80.0
772;67770;640.0;80.0
773;67850;560.0;80.0
774;67930;800.0;80.0
775;68010;720.0;80.0
776;68090;480.0;80.0
777;68170;800.0;80.0
778;68250;400.0;80.0
779;68330;400.0;80.0
780;68410;800.0;80.0
781;68490;480.0;80.0
782;68570;640.0;80.0
783;68650;640.0;80.0
784;68730;800.0;80.0
785;68810;560.0;80.0
786;68890;800.0;80.0
787;68970;560.0;80.0
788;69050;720.0;80.0
789;69130;80.0;80.0
790;69210;640.0;80.0
791;69290;720.0;80.0
792;69370;720.0;80.0
793;69450;560.0;80.0
794;69530;80.0;80.0
795;69610;720.0;80.0
796;69690;480.0;80.0
797;69770;560.0;80.0
798;69850;80.0;80.0
799;69930;560.0;80.0
800;70010;640.0;80.0
801;70090;720.0;80.0
802;70170;560.0;80.0
803;70250;80.0;80.0
804;70330;160.0;80.0
805;70410;640.0;80.0
806;70490;320.0;80.0
807;70570;560.0;80.0
808;70650;720.0;80.0
809;70730;240.0;80.0
810;70810;480.0;80.0
811;70890;480.0;80.0
812;70970;400.0;80.0
813;71050;720.0;80.0
814;71130;560.0;80.0
815;71210;480.0;80.0
816;71290;720.0;80.0
817;71370;560.0;80.0
818;71450;400.0;80.0
819;71530;720.0;80.0
820;71610;320.0;80.0
821;71690;480.0;80.0
822;71770;640.0;80.0
823;71850;400.0;80.0
824;71930;480.0;80.0
825;72010;800.0;80.0
826;72090;800.0;80.0
827;72170;720.0;80.0
828;72250;720.0;80.0
829;72330;640.0;80.0
830;72410;640.0;80.0
831;72490;480.0;80.0
832;72570;80.0;80.0
833;72650;80.0;80.0
834;72730;80.0;80.0
835;72810;400.0;80.0
836;72890;400.0;80.0
837;72970;640.0;80.0
838;73050;560.0;80.0
839;73130;800.0;80.0
840;73210;400.0;80.0
841;73290;640.0;80.0
842;73370;240.0;80.0
843;73450;640.0;80.0
844;73530;480.0;80.0
845;73610;800.0;80.0
846;73690;240.0;80.0
847;73770;640.0;80.0
848;73850;640.0;80.0
849;73930;400.0;80.0
850;74010;480.0;80.0
851;74090;320.0;80.0
852;74170;560.0;80.0
853;74250;80.0;80.0
854;74330;640.0;80.0
855;74410;160.0;80.0
856;74490;560.0;80.0
857;74570;480.0;80.0
858;74650;480.0;80.0
859;74730;640.0;80.0
860;74810;560.0;80.0
861;74890;400.0;80.0
862;74970;800.0;80.0
863;75050;640.0;80.0
864;75130;80.0;80.0
865;75210;80.0;80.0
866;75290;320.0;80.0
867;75370;560.0;80.0
868;75450;560.0;80.0
869;75530;160.0;80.0
870;75610;400.0;80.0
871;75690;640.0;80.0
872;75770;720.0;80.0
873;75850;400.0;80.0
874;75930;800.0;80.0
875;76010;640.0;80.0
876;76090;400.0;80.0
877;76170;160.0;80.0
878;76250;560.0;80.0
879;76330;800.0;80.0
880;76410;320.0;80.0
881;76490;720.0;80.0
882;76570;640.0;80.0
883;76650;400.0;80.0
884;76730;400.0;80.0
885;76810;160.0;80.0
886;76890;640.0;80.0
887;76970;240.0;80.0
888;77050;560.0;80.0
889;77130;240.0;80.0
890;77210;560.0;80.0
891;77290;80.0;80.0
892;77370;320.0;80.0
893;77450;80.0;80.0
894;77530;160.0;80.0
895;77610;560.0;80.0
896;77690;720.0;80.0
897;77770;640.0;80.0
898;77850;560.0;80.0
899;77930;800.0;80.0
900;78010;400.0;80.0
901;78090;80.0;80.0
902;78170;560.0;80.0
903;78250;800.0;80.0
904;78330;80.0;80.0
905;78410;640.0;80.0
906;78490;240.0;80.0
907;78570;320.0;80.0
908;78650;480.0;80.0
909;78730;720.0;80.0
910;78810;80.0;80.0
911;78890;160.0;80.0
912;78970;640.0;80.0
913;79050;800.0;80.0
914;79130;560.0;80.0
915;79210;160.0;80.0
916;79290;320.0;80.0
917;79370;480.0;80.0
918;79450;800.0;80.0
919;79530;80.0;80.0
920;79610;720.0;80.0
921;79690;80.0;80.0
922;79770;480.0;80.0
923;79850;640.0;80.0
924;79930;560.0;80.0
925;80010;160.0;80.0
926;80090;560.0;80.0
927;80170;480.0;80.0
928;80250;640.0;80.0
929;80330;720.0;80.0
930;80410;320.0;80.0
931;80490;480.0;80.0
932;80570;640.0;80.0
933;80650;800.0;80.0
934;80730;720.0;80.0
935;80810;240.0;80.0
936;80890;720.0;80.0
937;80970;640.0;80.0
938;81050;560.0;80.0
939;81130;720.0;80.0
940;81210;640.0;80.0
941;81290;640.0;80.0
942;81370;480.0;80.0
943;81450;320.0;80.0
944;81530;400.0;80.0
945;81610;480.0;80.0
946;81690;640.0;80.0
947;81770;240.0;80.0
948;81850;320.0;80.0
949;81930;400.0;80.0
950;82010;720.0;80.0
951;82090;400.0;80.0
952;82170;240.0;80.0
953;82250;800.0;80.0
954;82330;720.0;80.0
955;82410;720.0;80.0
956;82490;240.0;80.0
957;82570;720.0;80.0
958;82650;800.0;80.0
959;82730;800.0;80.0
960;82810;560.0;80.0
961;82890;720.0;80.0
962;82970;560.0;80.0
963;83050;640.0;80.0
964;83130;320.0;80.0
965;83210;560.0;80.0
966;83290;320.0;80.0
967;83370;800.0;80.0
968;83450;480.0;80.0
969;83530;800.0;80.0
970;83610;640.0;80.0
971;83690;400.0;80.0
972;83770;560.0;80.0
973;83850;480.0;80.0
974;83930;560.0;80.0
975;84010;240.0;80.0
976;84090;480.0;80.0
977;84170;80.0;80.0
978;84250;800.0;80.0
979;84330;160.0;80.0
980;84410;800.0;80.0
981;84490;480.0;80.0
982;84570;720.0;80.0
983;84650;560.0;80.0
984;84730;480.0;80.0
985;84810;320.0;80.0
986;84890;720.0;80.0
987;84970;640.0;80.0
988;85050;640.0;80.0
989;85130;560.0;80.0
990;85210;640.0;80.0
991;85290;800.0;80.0
992;85370;640.0;80.0
993;85450;720.0;80.0
994;85530;160.0;80.0
995;85610;480.0;80.0
996;85690;640.0;80.0
997;85770;560.0;80.0
998;85850;80.0;80.0
999;85930;720.0;80.0
1000;86010;240.0;80.0
1001;86090;400.0;80.0
1002;86170;240.0;80.0
1003;86250;800.0;80.0
1004;86330;400.0;80.0
1005;86410;80.0;80.0
1006;86490;80.0;80.0
1007;86570;800.0;80.0
1008;86650;240.0;80.0
1009;86730;480.0;80.0
1010;86810;80.0;80.0
1011;86890;640.0;80.0
1012;86970;160.0;80.0
1013;87050;320.0;80.0
1014;87130;560.0;80.0
1015;87210;640.0;80.0
1016;87290;640.0;80.0
1017;87370;80.0;80.0
1018;87450;560.0;80.0
1019;87530;640.0;80.0
1020;87610;480.0;80.0
1021;87690;80.0;80.0
1022;87770;640.0;80.0
1023;87850;80.0;80.0
1024;87930;720.0;80.0
1025;88010;640.0;80.0
1026;88090;720.0;80.0
1027;88170;720.0;80.0
1028;88250;640.0;80.0
1029;88330;640.0;80.0
1030;88410;480.0;80.0
1031;88490;640.0;80.0
1032;88570;320.0;80.0
1033;88650;560.0;80.0
1034;88730;480.0;80.0
1035;88810;240.0;80.0
1036;88890;560.0;80.0
1037;88970;800.0;80.0
1038;89050;720.0;80.0
1039;89130;320.0;80.0
1040;89210;480.0;80.0
1041;89290;400.0;80.0
1042;89370;720.0;80.0
1043;89450;80.0;80.0
1044;89530;400.0;80.0
1045;89610;720.0;80.0
1046;89690;640.0;80.0
1047;89770;800.0;80.0
1048;89850;560.0;80.0
1049;89930;240.0;80.0
1050;90010;720.0;80.0
1051;90090;640.0;80.0
1052;90170;640.0;80.0
1053;90250;80.0;80.0
1054;90330;560.0;80.0
1055;90410;640.0;80.0
1056;90490;800.0;80.0
1057;90570;80.0;80.0
1058;90650;720.0;80.0
1059;90730;640.0;80.0
1060;90810;480.0;80.0
1061;90890;320.0;80.0
1062;90970;400.0;80.0
1063;91050;400.0;80.0
1064;91130;720.0;80.0
1065;91210;560.0;80.0
1066;91290;640.0;80.0
1067;91370;720.0;80.0
1068;91450;80.0;80.0
1069;91530;640.0;80.0
1070;91610;640.0;80.0
1071;91690;160.0;80.0
1072;91770;560.0;80.0
1073;91850;800.0;80.0
1074;91930;480.0;80.0
1075;92010;240.0;80.0
1076;92090;800.0;80.0
1077;92170;640.0;80.0
1078;92250;720.0;80.0
1079;92330;400.0;80.0
1080;92410;720.0;80.0
1081;92490;80.0;80.0
1082;92570;720.0;80.0
1083;92650;160.0;80.0
1084;92730;480.0;80.0
1085;92810;640.0;80.0
1086;92890;560.0;80.0
1087;92970;800.0;80.0
1088;93050;160.0;80.0
1089;93130;400.0;80.0
1090;93210;160.0;80.0
1091;93290;560.0;80.0
1092;93370;640.0;80.0
1093;93450;480.0;80.0
1094;93530;240.0;80.0
1095;93610;640.0;80.0
1096;93690;640.0;80.0
1097;93770;640.0;80.0
1098;93850;800.0;80.0
1099;93930;640.0;80.0
1100;94010;720.0;80.0
1101;94090;640.0;80.0
1102;94170;720.0;80.0
1103;94250;720.0;80.0
1104;94330;400.0;80.0
1105;94410;800.0;80.0
1106;94490;80.0;80.0
1107;94570;640.0;80.0
1108;94650;320.0;80.0
1109;94730;800.0;80.0
1110;94810;400.0;80.0
1111;94890;800.0;80.0
1112;94970;400.0;80.0
1113;95050;640.0;80.0
1114;95130;640.0;80.0
1115;95210;160.0;80.0
1116;95290;560.0;80.0
1117;95370;800.0;80.0
1118;95450;400.0;80.0
1119;95530;400.0;80.0
1120;95610;720.0;80.0
1121;95690;480.0;80.0
1122;95770;480.0;80.0
1123;95850;480.0;80.0
1124;95930;160.0;80.0
1125;96010;400.0;80.0
1126;96090;640.0;80.0
1127;96170;160.0;80.0
1128;96250;480.0;80.0
1129;96330;800.0;80.0
1130;96410;160.0;80.0
1131;96490;160.0;80.0
1132;96570;560.0;80.0
1133;96650;640.0;80.0
1134;96730;400.0;80.0
1135;96810;560.0;80.0
1136;96890;560.0;80.0
1137;96970;400.0;80.0
1138;97050;800.0;80.0
1139;97130;720.0;80.0
1140;97210;720.0;80.0
1141;97290;640.0;80.0
1142;97370;240.0;80.0
1143;97450;560.0;80.0
1144;97530;240.0;80.0
1145;97610;400.0;80.0
1146;97690;560.0;80.0
1147;97770;160.0;80.0
1148;97850;800.0;80.0
1149;97930;640.0;80.0
1150;98010;640.0;80.0
1151;98090;560.0;80.0
1152;98170;160.0;80.0
1153;98250;640.0;80.0
1154;98330;80.0;80.0
1155;98410;320.0;80.0
1156;98490;640.0;80.0
1157;98570;720.0;80.0
1158;98650;640.0;80.0
1159;98730;560.0;80.0
1160;98810;400.0;80.0
1161;98890;640.0;80.0
1162;98970;640.0;80.0
1163;99050;160.0;80.0
1164;99130;640.0;80.0
1165;99210;400.0;80.0
1166;99290;240.0;80.0
1167;99370;640.0;80.0
1168;99450;640.0;80.0
1169;99530;320.0;80.0
1170;99610;240.0;80.0
1171;99690;720.0;80.0
1172;99770;800.0;80.0
1173;99850;560.0;80.0
1174;99930;240.0;80.0
1175;100010;240.0;80.0
1176;100090;720.0;80.0
1177;100170;800.0;80.0
1178;100250;640.0;80.0
1179;100330;720.0;80.0
1180;100410;800.0;80.0
1181;100490;800.0;80.0
1182;100570;640.0;80.0
1183;100650;400.0;80.0
1184;100730;800.0;80.0
1185;100810;640.0;80.0
1186;100890;720.0;80.0
1187;100970;720.0;80.0
1188;101050;160.0;80.0
1189;101130;480.0;80.0
1190;101210;720.0;80.0
1191;101290;800.0;80.0
1192;101370;160.0;80.0
1193;101450;640.0;80.0
1194;101530;560.0;80.0
1195;101610;640.0;80.0
1196;101690;800.0;80.0
1197;101770;240.0;80.0
1198;101850;480.0;80.0
1199;101930;80.0;80.0
1200;102010;480.0;80.0
1201;102090;640.0;80.0
1202;102170;720.0;80.0
1203;102250;160.0;80.0
1204;102330;480.0;80.0
1205;102410;160.0;80.0
1206;102490;560.0;80.0
1207;102570;400.0;80.0
1208;102650;160.0;80.0
1209;102730;640.0;80.0
1210;102810;480.0;80.0
1211;102890;720.0;80.0
1212;102970;320.0;80.0
1213;103050;320.0;80.0
1214;103130;560.0;80.0
1215;103210;720.0;80.0
1216;103290;480.0;80.0
1217;103370;320.0;80.0
1218;103450;400.0;80.0
1219;103530;400.0;80.0
1220;103610;720.0;80.0
1221;103690;240.0;80.0
1222;103770;640.0;80.0
1223;103850;80.0;80.0
1224;103930;320.0;80.0
1225;104010;560.0;80.0
1226;104090;240.0;80.0
1227;104170;800.0;80.0
1228;104250;240.0;80.0
1229;104330;560.0;80.0
1230;104410;640.0;80.0
1231;104490;560.0;80.0
1232;104570;640.0;80.0
1233;104650;800.0;80.0
1234;104730;480.0;80.0
1235;104810;800.0;80.0
1236;104890;560.0;80.0
1237;104970;480.0;80.0
1238;105050;560.0;80.0
1239;105130;720.0;80.0
1240;105210;480.0;80.0
1241;105290;640.0;80.0
1242;105370;640.0;80.0
1243;105450;160.0;80.0
1244;105530;480.0;80.0
1245;105610;480.0;80.0
1246;105690;80.0;80.0
1247;105770;320.0;80.0
1248;105850;640.0;80.0
1249;105930;400.0;80.0
1250;106010;560.0;80.0
1251;106090;560.0;80.0
1252;106170;480.0;80.0
1253;106250;480.0;80.0
1254;106330;800.0;80.0
1255;106410;560.0;80.0
1256;106490;640.0;80.0
