episode;reward0;avg_reward0;t_global;cr;;episode;reward1;avg_reward1;t_global;cr;;avg_reward;avg_avg_reward
1;11;11;0;0;;1;11;11;0;0;;11;11
2;15;13;0;0;;2;9;10;0;0;;12;11.5
3;9;11.7;0;0;;3;35;18.3;0;0;;22;15
4;13;12;0;0;;4;25;20;0;0;;19;16
5;13;12.2;0;0;;5;18;19.6;0;0;;15.5;15.9
6;21;13.7;0;0;;6;26;20.7;0;0;;23.5;17.2
7;22;14.9;0;0;;7;15;19.9;0;0;;18.5;17.4
8;17;15.1;0;0;;8;25;20.5;0;0;;21;17.8
9;14;15;0;0;;9;27;21.2;0;0;;20.5;18.1
10;18;15.3;0;0;;10;26;21.7;0;0;;22;18.5
11;14;15.2;0;0;;11;29;22.4;0;0;;21.5;18.8
12;16;15.2;0;0;;12;22;22.3;0;0;;19;18.75
13;27;16.2;0;0;;13;18;22;0;0;;22.5;19.1
14;9;15.6;0;0;;14;11;21.2;0;0;;10;18.4
15;20;15.9;0;0;;15;28;21.7;0;0;;24;18.8
16;9;15.5;0;0;;16;13;21.1;0;0;;11;18.3
17;11;15.2;0;0;;17;22;21.2;0;0;;16.5;18.2
18;13;15.1;0;0;;18;30;21.7;0;0;;21.5;18.4
19;24;15.6;0;0;;19;22;21.7;0;0;;23;18.65
20;48;17.2;0;0;;20;23;21.8;0;0;;35.5;19.5
21;21;17.4;0;0;;21;32;22.2;0;0;;26.5;19.8
22;25;17.7;0;0;;22;14;21.9;0;0;;19.5;19.8
23;24;18;0;0;;23;14;21.5;0;0;;19;19.75
24;17;18;0;0;;24;42;22.4;0;0;;29.5;20.2
25;16;17.9;0;0;;25;11;21.9;0;0;;13.5;19.9
26;16;17.8;0;0;;26;13;21.6;0;0;;14.5;19.7
27;18;17.8;0;0;;27;17;21.4;0;0;;17.5;19.6
28;11;17.6;0;0;;28;12;21.1;0;0;;11.5;19.35
29;27;17.9;0;0;;29;11;20.7;0;0;;19;19.3
30;13;17.7;0;0;;30;16;20.6;0;0;;14.5;19.15
31;19;17.8;0;0;;31;11;20.3;0;0;;15;19.05
32;21;17.9;0;0;;32;36;20.8;0;0;;28.5;19.35
33;11;17.7;0;0;;33;11;20.5;0;0;;11;19.1
34;62;19;0;0;;34;22;20.5;0;0;;42;19.75
35;18;18.9;0;0;;35;35;20.9;0;0;;26.5;19.9
36;17;18.9;0;0;;36;24;21;0;0;;20.5;19.95
37;29;19.2;0;0;;37;16;20.9;0;0;;22.5;20.05
38;13;19;0;0;;38;51;21.7;0;0;;32;20.35
39;31;19.3;0;0;;39;17;21.5;0;0;;24;20.4
40;24;19.4;0;0;;40;14;21.4;0;0;;19;20.4
41;28;19.6;0;0;;41;13;21.1;0;0;;20.5;20.35
42;13;19.5;0;0;;42;10;20.9;0;0;;11.5;20.2
43;22;19.5;0;0;;43;28;21;0;0;;25;20.25
44;27;19.7;0;0;;44;41;21.5;0;0;;34;20.6
45;13;19.6;0;0;;45;52;22.2;0;0;;32.5;20.9
46;30;19.8;0;0;;46;18;22.1;28;13;;24;20.95
47;24;19.9;0;0;;47;16;22;60;29;;20;20.95
48;15;19.8;0;0;;48;33;22.2;126;62;;24;21
49;16;19.7;0;0;;49;15;22;156;77;;15.5;20.85
50;27;19.8;0;0;;50;44;22.5;244;121;;35.5;21.15
51;61;20.6;102;50;;51;14;22.3;272;135;;37.5;21.45
52;19;20.6;140;69;;52;36;22.6;344;171;;27.5;21.6
53;21;20.6;182;90;;53;18;22.5;380;189;;19.5;21.55
54;13;20.5;208;103;;54;28;22.6;436;217;;20.5;21.55
55;70;21.4;348;173;;55;22;22.6;480;239;;46;22
56;21;21.4;390;194;;56;30;22.7;540;269;;25.5;22.05
57;23;21.4;436;217;;57;15;22.6;570;284;;19;22
58;47;21.8;530;264;;58;21;22.6;612;305;;34;22.2
59;64;22.6;658;328;;59;14;22.4;640;319;;39;22.5
60;34;22.8;726;362;;60;8;22.2;656;327;;21;22.5
61;29;22.9;784;391;;61;20;22.1;696;347;;24.5;22.5
62;17;22.8;818;408;;62;15;22;726;362;;16;22.4
63;17;22.7;852;425;;63;9;21.8;744;371;;13;22.25
64;24;22.7;900;449;;64;34;22;812;405;;29;22.35
65;17;22.6;934;466;;65;13;21.9;838;418;;15;22.25
66;10;22.4;954;476;;66;13;21.7;864;431;;11.5;22.05
67;12;22.3;978;488;;67;26;21.8;916;457;;19;22.05
68;19;22.2;1016;507;;68;43;22.1;1002;500;;31;22.15
69;14;22.1;1044;521;;69;11;21.9;1024;511;;12.5;22
70;44;22.4;1132;565;;70;18;21.9;1060;529;;31;22.15
71;8;22.2;1148;573;;71;18;21.8;1096;547;;13;22
72;12;22.1;1172;585;;72;11;21.7;1118;558;;11.5;21.9
73;14;21.9;1200;599;;73;12;21.5;1142;570;;13;21.7
74;16;21.9;1232;615;;74;20;21.5;1182;590;;18;21.7
75;22;21.9;1276;637;;75;9;21.4;1200;599;;15.5;21.65
76;14;21.8;1304;651;;76;24;21.4;1248;623;;19;21.6
77;14;21.7;1332;665;;77;12;21.3;1272;635;;13;21.5
78;18;21.6;1368;683;;78;34;21.4;1340;669;;26;21.5
79;11;21.5;1390;694;;79;17;21.4;1374;686;;14;21.45
80;25;21.5;1440;719;;80;14;21.3;1402;700;;19.5;21.4
81;67;22.1;1574;786;;81;28;21.4;1458;728;;47.5;21.75
82;12;22;1598;798;;82;19;21.3;1496;747;;15.5;21.65
83;43;22.2;1684;841;;83;16;21.3;1528;763;;29.5;21.75
84;18;22.2;1720;859;;84;14;21.2;1556;777;;16;21.7
85;16;22.1;1752;875;;85;28;21.3;1612;805;;22;21.7
86;19;22.1;1790;894;;86;10;21.1;1632;815;;14.5;21.6
87;19;22;1828;913;;87;32;21.3;1696;847;;25.5;21.65
88;47;22.3;1922;960;;88;16;21.2;1728;863;;31.5;21.75
89;17;22.2;1956;977;;89;11;21.1;1750;874;;14;21.65
90;19;22.2;1994;996;;90;12;21;1774;886;;15.5;21.6
91;57;22.6;2108;1053;;91;16;20.9;1806;902;;36.5;21.75
92;10;22.5;2128;1063;;92;15;20.9;1836;917;;12.5;21.7
93;35;22.6;2198;1098;;93;27;20.9;1890;944;;31;21.75
94;27;22.6;2252;1125;;94;18;20.9;1926;962;;22.5;21.75
95;12;22.5;2276;1137;;95;30;21;1986;992;;21;21.75
96;12;22.4;2300;1149;;96;16;20.9;2018;1008;;14;21.65
97;12;22.3;2324;1161;;97;12;20.9;2042;1020;;12;21.6
98;14;22.2;2352;1175;;98;22;20.9;2086;1042;;18;21.55
99;16;22.2;2384;1191;;99;14;20.8;2114;1056;;15;21.5
100;17;22.1;2418;1208;;100;13;20.7;2140;1069;;15;21.4
101;12;22.1;2442;1220;;101;11;20.7;2162;1080;;11.5;21.4
102;25;22.2;2492;1245;;102;14;20.8;2190;1094;;19.5;21.5
103;15;22.3;2522;1260;;103;14;20.6;2218;1108;;14.5;21.45
104;21;22.4;2564;1281;;104;37;20.7;2292;1145;;29;21.55
105;16;22.4;2596;1297;;105;39;20.9;2370;1184;;27.5;21.65
106;12;22.3;2620;1309;;106;26;20.9;2422;1210;;19;21.6
107;14;22.2;2648;1323;;107;11;20.8;2444;1221;;12.5;21.5
108;16;22.2;2680;1339;;108;19;20.8;2482;1240;;17.5;21.5
109;31;22.4;2742;1370;;109;12;20.6;2506;1252;;21.5;21.5
110;33;22.5;2808;1403;;110;11;20.5;2528;1263;;22;21.5
111;13;22.5;2834;1416;;111;11;20.3;2550;1274;;12;21.4
112;11;22.5;2856;1427;;112;15;20.2;2580;1289;;13;21.35
113;46;22.7;2948;1473;;113;40;20.5;2660;1329;;43;21.6
114;20;22.8;2988;1493;;114;22;20.6;2704;1351;;21;21.7
115;20;22.8;3028;1513;;115;21;20.5;2746;1372;;20.5;21.65
116;34;23;3096;1547;;116;36;20.7;2818;1408;;35;21.85
117;22;23.1;3140;1569;;117;12;20.6;2842;1420;;17;21.85
118;77;23.8;3294;1646;;118;11;20.4;2864;1431;;44;22.1
119;26;23.8;3346;1672;;119;11;20.3;2886;1442;;18.5;22.05
120;15;23.5;3376;1687;;120;12;20.2;2910;1454;;13.5;21.85
121;42;23.7;3460;1729;;121;47;20.4;3004;1501;;44.5;22.05
122;23;23.6;3506;1752;;122;11;20.3;3026;1512;;17;21.95
123;21;23.6;3548;1773;;123;10;20.3;3046;1522;;15.5;21.95
124;31;23.8;3610;1804;;124;20;20.1;3086;1542;;25.5;21.95
125;30;23.9;3670;1834;;125;16;20.1;3118;1558;;23;22
126;14;23.9;3698;1848;;126;40;20.4;3198;1598;;27;22.15
127;50;24.2;3798;1898;;127;23;20.5;3244;1621;;36.5;22.35
128;13;24.2;3824;1911;;128;21;20.6;3286;1642;;17;22.4
129;18;24.1;3860;1929;;129;21;20.6;3328;1663;;19.5;22.35
130;11;24.1;3882;1940;;130;23;20.7;3374;1686;;17;22.4
131;20;24.1;3922;1960;;131;23;20.8;3420;1709;;21.5;22.45
132;52;24.4;4026;2012;;132;29;20.8;3478;1738;;40.5;22.6
133;30;24.6;4086;2042;;133;18;20.8;3514;1756;;24;22.7
134;47;24.5;4180;2089;;134;10;20.7;3534;1766;;28.5;22.6
135;52;24.8;4284;2141;;135;35;20.7;3604;1801;;43.5;22.75
136;16;24.8;4316;2157;;136;24;20.7;3652;1825;;20;22.75
137;15;24.7;4346;2172;;137;25;20.8;3702;1850;;20;22.75
138;20;24.7;4386;2192;;138;16;20.5;3734;1866;;18;22.6
139;38;24.8;4462;2230;;139;27;20.6;3788;1893;;32.5;22.7
140;15;24.7;4492;2245;;140;15;20.6;3818;1908;;15;22.65
141;46;24.9;4584;2291;;141;28;20.7;3874;1936;;37;22.8
142;53;25.3;4690;2344;;142;15;20.8;3904;1951;;34;23.05
143;69;25.8;4828;2413;;143;17;20.7;3938;1968;;43;23.25
144;26;25.8;4880;2439;;144;19;20.4;3976;1987;;22.5;23.1
145;34;26;4948;2473;;145;40;20.3;4056;2027;;37;23.15
146;69;26.4;5086;2542;;146;19;20.3;4094;2046;;44;23.35
147;37;26.5;5160;2579;;147;42;20.6;4178;2088;;39.5;23.55
148;72;27;5304;2651;;148;17;20.4;4212;2105;;44.5;23.7
149;25;27.1;5354;2676;;149;31;20.6;4274;2136;;28;23.85
150;93;27.8;5540;2769;;150;18;20.3;4310;2154;;55.5;24.05
151;24;27.4;5588;2793;;151;82;21;4474;2236;;53;24.2
152;68;27.9;5724;2861;;152;57;21.2;4588;2293;;62.5;24.55
153;29;28;5782;2890;;153;52;21.6;4692;2345;;40.5;24.8
154;53;28.4;5888;2943;;154;43;21.7;4778;2388;;48;25.05
155;37;28.1;5962;2980;;155;29;21.8;4836;2417;;33;24.95
156;35;28.2;6032;3015;;156;16;21.6;4868;2433;;25.5;24.9
157;58;28.6;6148;3073;;157;44;21.9;4956;2477;;51;25.25
158;75;28.8;6298;3148;;158;80;22.5;5116;2557;;77.5;25.65
159;28;28.5;6354;3176;;159;24;22.6;5164;2581;;26;25.55
160;12;28.3;6378;3188;;160;22;22.8;5208;2603;;17;25.55
161;95;28.9;6568;3283;;161;13;22.7;5234;2616;;54;25.8
162;12;28.9;6592;3295;;162;31;22.8;5296;2647;;21.5;25.85
163;60;29.3;6712;3355;;163;42;23.2;5380;2689;;51;26.25
164;40;29.5;6792;3395;;164;40;23.2;5460;2729;;40;26.35
165;61;29.9;6914;3456;;165;24;23.4;5508;2753;;42.5;26.65
166;63;30.4;7040;3519;;166;25;23.5;5558;2778;;44;26.95
167;63;30.9;7166;3582;;167;19;23.4;5596;2797;;41;27.15
168;81;31.6;7328;3663;;168;21;23.2;5638;2818;;51;27.4
169;111;32.5;7550;3774;;169;50;23.6;5738;2868;;80.5;28.05
170;41;32.5;7632;3815;;170;51;23.9;5840;2919;;46;28.2
171;117;33.6;7866;3932;;171;19;23.9;5878;2938;;68;28.75
172;14;33.6;7894;3946;;172;35;24.2;5948;2973;;24.5;28.9
173;56;34;8006;4002;;173;46;24.5;6040;3019;;51;29.25
174;45;34.3;8096;4047;;174;82;25.1;6204;3101;;63.5;29.7
175;47;34.6;8190;4094;;175;110;26.1;6424;3211;;78.5;30.35
176;25;34.7;8240;4119;;176;69;26.6;6562;3280;;47;30.65
177;23;34.8;8286;4142;;177;64;27.1;6690;3344;;43.5;30.95
178;93;35.5;8472;4235;;178;30;27;6750;3374;;61.5;31.25
179;72;36.1;8616;4307;;179;96;27.8;6942;3470;;84;31.95
180;83;36.7;8782;4390;;180;37;28.1;7016;3507;;60;32.4
181;49;36.5;8880;4439;;181;35;28.1;7086;3542;;42;32.3
182;62;37;9004;4501;;182;81;28.8;7248;3623;;71.5;32.9
183;77;37.4;9158;4578;;183;46;29.1;7340;3669;;61.5;33.25
184;54;37.7;9266;4632;;184;37;29.3;7414;3706;;45.5;33.5
185;71;38.3;9408;4703;;185;80;29.8;7574;3786;;75.5;34.05
186;39;38.5;9486;4742;;186;103;30.7;7780;3889;;71;34.6
187;64;38.9;9614;4806;;187;107;31.5;7994;3996;;85.5;35.2
188;52;39;9718;4858;;188;81;32.1;8156;4077;;66.5;35.55
189;93;39.7;9904;4951;;189;56;32.6;8268;4133;;74.5;36.15
190;86;40.4;10076;5037;;190;57;33;8382;4190;;71.5;36.7
191;48;40.3;10172;5085;;191;11;33;8404;4201;;29.5;36.65
192;102;41.2;10376;5187;;192;32;33.2;8468;4233;;67;37.2
193;66;41.6;10508;5253;;193;39;33.3;8546;4272;;52.5;37.45
194;87;42.2;10682;5340;;194;17;33.3;8580;4289;;52;37.75
195;47;42.5;10776;5387;;195;78;33.8;8736;4367;;62.5;38.15
196;40;42.8;10856;5427;;196;72;34.3;8880;4439;;56;38.55
197;50;43.2;10956;5477;;197;74;34.9;9028;4513;;62;39.05
198;26;43.3;11008;5503;;198;97;35.7;9222;4610;;61.5;39.5
199;59;43.7;11126;5562;;199;62;36.2;9346;4672;;60.5;39.95
200;53;44.1;11232;5615;;200;60;36.6;9466;4732;;56.5;40.35
201;115;45.1;11462;5730;;201;64;37.2;9594;4796;;89.5;41.15
202;34;45.2;11530;5764;;202;102;38;9798;4898;;68;41.6
203;51;45.6;11632;5815;;203;118;39.1;10034;5016;;84.5;42.35
204;32;45.7;11696;5847;;204;59;39.3;10152;5075;;45.5;42.5
205;85;46.4;11866;5932;;205;152;40.4;10456;5227;;118.5;43.4
206;41;46.6;11948;5973;;206;74;40.9;10604;5301;;57.5;43.75
207;14;46.6;11976;5987;;207;105;41.8;10814;5406;;59.5;44.2
208;164;48.1;12304;6151;;208;40;42.1;10894;5446;;102;45.1
209;52;48.3;12408;6203;;209;42;42.4;10978;5488;;47;45.35
210;55;48.6;12518;6258;;210;62;42.9;11102;5550;;58.5;45.75
211;83;49.2;12684;6341;;211;43;43.2;11188;5593;;63;46.2
212;43;49.6;12770;6384;;212;48;43.5;11284;5641;;45.5;46.55
213;131;50.4;13032;6515;;213;73;43.8;11430;5714;;102;47.1
214;49;50.7;13130;6564;;214;56;44.2;11542;5770;;52.5;47.45
215;64;51.2;13258;6628;;215;41;44.4;11624;5811;;52.5;47.8
216;99;51.8;13456;6727;;216;21;44.2;11666;5832;;60;48
217;69;52.3;13594;6796;;217;49;44.6;11764;5881;;59;48.45
218;58;52.1;13710;6854;;218;40;44.9;11844;5921;;49;48.5
219;59;52.4;13828;6913;;219;13;44.9;11870;5934;;36;48.65
220;65;52.9;13958;6978;;220;58;45.4;11986;5992;;61.5;49.15
221;31;52.8;14020;7009;;221;132;46.2;12250;6124;;81.5;49.5
222;53;53.1;14126;7062;;222;78;46.9;12406;6202;;65.5;50
223;56;53.4;14238;7118;;223;96;47.8;12598;6298;;76;50.6
224;123;54.4;14484;7241;;224;200;49.6;12998;6498;;161.5;52
225;93;55;14670;7334;;225;60;50;13118;6558;;76.5;52.5
226;76;55.6;14822;7410;;226;61;50.2;13240;6619;;68.5;52.9
227;81;55.9;14984;7491;;227;45;50.4;13330;6664;;63;53.15
228;53;56.3;15090;7544;;228;74;51;13478;6738;;63.5;53.65
229;85;57;15260;7629;;229;85;51.6;13648;6823;;85;54.3
230;70;57.6;15400;7699;;230;42;51.8;13732;6865;;56;54.7
231;63;58;15526;7762;;231;60;52.2;13852;6925;;61.5;55.1
232;71;58.2;15668;7833;;232;75;52.6;14002;7000;;73;55.4
233;69;58.6;15806;7902;;233;43;52.9;14088;7043;;56;55.75
234;88;59;15982;7990;;234;73;53.5;14234;7116;;80.5;56.25
235;70;59.2;16122;8060;;235;45;53.6;14324;7161;;57.5;56.4
236;121;60.2;16364;8181;;236;193;55.3;14710;7354;;157;57.75
237;90;61;16544;8271;;237;85;55.9;14880;7439;;87.5;58.45
238;78;61.6;16700;8349;;238;72;56.4;15024;7511;;75;59
239;95;62.1;16890;8444;;239;88;57.1;15200;7599;;91.5;59.6
240;113;63.1;17115;8557;;240;81;57.7;15362;7680;;97;60.4
241;116;63.8;17347;8673;;241;77;58.2;15516;7757;;96.5;61
242;126;64.6;17599;8799;;242;92;59;15700;7849;;109;61.8
243;111;65;17821;8910;;243;67;59.5;15834;7916;;89;62.25
244;108;65.8;18037;9018;;244;85;60.1;16004;8001;;96.5;62.95
245;126;66.7;18289;9144;;245;64;60.4;16132;8065;;95;63.55
246;126;67.3;18541;9270;;246;102;61.2;16336;8167;;114;64.25
247;103;67.9;18747;9373;;247;62;61.4;16460;8229;;82.5;64.65
248;131;68.5;19009;9504;;248;91;62.2;16642;8320;;111;65.35
249;136;69.6;19281;9640;;249;100;62.8;16842;8420;;118;66.2
250;135;70.1;19550;9775;;250;85;63.5;17012;8505;;110;66.8
251;146;71.3;19842;9921;;251;98;63.7;17207;8603;;122;67.5
252;165;72.2;20172;10086;;252;135;64.4;17477;8738;;150;68.3
253;147;73.4;20466;10233;;253;87;64.8;17651;8825;;117;69.1
254;128;74.2;20722;10361;;254;112;65.5;17875;8937;;120;69.85
255;125;75.1;20972;10486;;255;151;66.7;18177;9088;;138;70.9
256;130;76;21232;10616;;256;131;67.9;18439;9219;;130.5;71.95
257;174;77.2;21580;10790;;257;141;68.8;18721;9360;;157.5;73
258;136;77.8;21852;10926;;258;147;69.5;19015;9507;;141.5;73.65
259;132;78.8;22116;11058;;259;124;70.5;19263;9631;;128;74.65
260;132;80;22380;11190;;260;162;71.9;19586;9793;;147;75.95
261;143;80.5;22666;11333;;261;141;73.2;19868;9934;;142;76.85
262;148;81.9;22962;11481;;262;165;74.5;20198;10099;;156.5;78.2
263;190;83.2;23342;11671;;263;125;75.4;20448;10224;;157.5;79.3
264;163;84.4;23668;11834;;264;125;76.2;20698;10349;;144;80.3
265;148;85.3;23964;11982;;265;146;77.4;20990;10495;;147;81.35
266;159;86.2;24282;12141;;266;132;78.5;21254;10627;;145.5;82.35
267;176;87.4;24634;12317;;267;137;79.7;21528;10764;;156.5;83.55
268;160;88.1;24954;12477;;268;160;81.1;21848;10924;;160;84.6
269;162;88.6;25278;12639;;269;149;82;22146;11073;;155.5;85.3
270;189;90.1;25656;12828;;270;164;83.2;22474;11237;;176.5;86.65
271;200;91;26056;13028;;271;138;84.4;22750;11375;;169;87.7
272;155;92.4;26366;13183;;272;147;85.5;23044;11522;;151;88.95
273;177;93.6;26720;13360;;273;178;86.8;23400;11700;;177.5;90.2
274;165;94.8;27050;13525;;274;158;87.6;23716;11858;;161.5;91.2
275;156;95.9;27362;13681;;275;150;88;24016;12008;;153;91.95
276;194;97.6;27749;13875;;276;196;89.2;24408;12204;;195;93.4
277;172;99;28093;14047;;277;151;90.1;24710;12355;;161.5;94.55
278;160;99.7;28413;14207;;278;200;91.8;25110;12555;;180;95.75
279;178;100.8;28768;14385;;279;200;92.8;25510;12755;;189;96.8
280;170;101.6;29108;14555;;280;169;94.2;25848;12924;;169.5;97.9
281;200;103.2;29508;14755;;281;182;95.6;26212;13106;;191;99.4
282;200;104.5;29908;14955;;282;166;96.5;26544;13272;;183;100.5
283;159;105.4;30226;15114;;283;180;97.8;26904;13452;;169.5;101.6
284;167;106.5;30560;15281;;284;173;99.2;27250;13625;;170;102.85
285;200;107.8;30960;15481;;285;200;100.4;27649;13825;;200;104.1
286;174;109.1;31308;15655;;286;180;101.2;28009;14005;;177;105.15
287;156;110;31620;15811;;287;157;101.7;28323;14162;;156.5;105.85
288;200;111.5;32020;16011;;288;166;102.5;28654;14328;;183;107
289;200;112.6;32420;16211;;289;172;103.7;28998;14500;;186;108.15
290;186;113.6;32792;16397;;290;158;104.7;29314;14658;;172;109.15
291;200;115.1;33192;16597;;291;200;106.6;29714;14858;;200;110.85
292;179;115.9;33550;16776;;292;200;108.2;30114;15058;;189.5;112.05
293;200;117.2;33950;16976;;293;160;109.5;30434;15218;;180;113.35
294;200;118.4;34350;17176;;294;191;111.2;30816;15409;;195.5;114.8
295;200;119.9;34750;17376;;295;200;112.4;31216;15609;;200;116.15
296;200;121.5;35150;17576;;296;179;113.5;31574;15788;;189.5;117.5
297;200;123;35550;17776;;297;149;114.2;31872;15937;;174.5;118.6
298;200;124.7;35950;17976;;298;173;115;32218;16110;;186.5;119.85
299;200;126.1;36350;18176;;299;200;116.4;32618;16310;;200;121.25
300;200;127.6;36750;18376;;300;174;117.5;32966;16484;;187;122.55
301;200;128.5;37150;18576;;301;154;118.4;33274;16638;;177;123.45
302;200;130.1;37550;18776;;302;200;119.4;33674;16838;;200;124.75
303;200;131.6;37950;18976;;303;200;120.2;34074;17038;;200;125.9
304;187;133.2;38324;19163;;304;200;121.6;34474;17238;;193.5;127.4
305;200;134.3;38724;19363;;305;200;122.1;34874;17438;;200;128.2
306;200;135.9;39123;19563;;306;200;123.4;35274;17638;;200;129.65
307;200;137.8;39523;19763;;307;200;124.3;35674;17838;;200;131.05
308;200;138.1;39923;19963;;308;188;125.8;36050;18026;;194;131.95
309;180;139.4;40283;20143;;309;200;127.4;36450;18226;;190;133.4
310;200;140.8;40683;20343;;310;194;128.7;36838;18420;;197;134.75
311;200;142;41083;20543;;311;200;130.3;37238;18620;;200;136.15
312;200;143.6;41483;20743;;312;184;131.6;37606;18804;;192;137.6
313;200;144.3;41883;20943;;313;200;132.9;38006;19004;;200;138.6
314;200;145.8;42283;21143;;314;200;134.3;38406;19204;;200;140.05
315;200;147.2;42683;21343;;315;200;135.9;38806;19404;;200;141.55
316;200;148.2;43083;21543;;316;200;137.7;39205;19604;;200;142.95
317;200;149.5;43483;21743;;317;200;139.2;39605;19804;;200;144.35
318;200;150.9;43883;21943;;318;193;140.8;39991;19997;;196.5;145.85
319;200;152.3;44283;22143;;319;177;142.4;40345;20174;;188.5;147.35
320;192;153.6;44667;22335;;320;200;143.8;40745;20374;;196;148.7
321;200;155.3;45067;22535;;321;200;144.5;41145;20574;;200;149.9
322;200;156.7;45467;22735;;322;200;145.7;41545;20774;;200;151.2
323;200;158.2;45867;22935;;323;200;146.8;41945;20974;;200;152.5
324;200;158.9;46266;23135;;324;200;146.8;42345;21174;;200;152.85
325;200;160;46666;23335;;325;200;148.2;42745;21374;;200;154.1
326;200;161.2;47066;23535;;326;200;149.6;43145;21574;;200;155.4
327;200;162.4;47466;23735;;327;200;151.1;43545;21774;;200;156.75
328;200;163.9;47866;23935;;328;200;152.4;43945;21974;;200;158.15
329;200;165.1;48265;24135;;329;200;153.5;44345;22174;;200;159.3
330;200;166.4;48665;24335;;330;200;155.1;44745;22374;;200;160.75
331;200;167.7;49065;24535;;331;200;156.5;45145;22574;;200;162.1
332;200;169;49465;24735;;332;200;157.7;45545;22774;;200;163.35
333;200;170.3;49865;24935;;333;200;159.3;45945;22974;;200;164.8
334;200;171.4;50265;25135;;334;200;160.6;46344;23174;;200;166
335;200;172.8;50665;25335;;335;200;162.1;46744;23374;;200;167.45
336;200;173.5;51065;25535;;336;200;162.2;47144;23574;;200;167.85
337;200;174.6;51465;25735;;337;200;163.4;47544;23774;;200;169
338;200;175.9;51865;25935;;338;200;164.6;47944;23974;;200;170.25
339;200;176.9;52265;26135;;339;200;165.8;48343;24174;;200;171.35
340;200;177.8;52665;26335;;340;200;166.9;48743;24374;;200;172.35
341;200;178.6;53065;26535;;341;200;168.2;49143;24574;;200;173.4
342;200;179.4;53464;26735;;342;200;169.2;49543;24774;;200;174.3
343;200;180.2;53864;26935;;343;200;170.6;49943;24974;;200;175.4
344;200;181.2;54264;27135;;344;200;171.7;50343;25174;;200;176.45
345;200;181.9;54664;27335;;345;200;173.1;50743;25374;;200;177.5
346;200;182.6;55064;27535;;346;200;174.1;51143;25574;;200;178.35
347;200;183.6;55464;27735;;347;200;175.4;51543;25774;;200;179.5
348;200;184.3;55864;27935;;348;200;176.5;51943;25974;;200;180.4
349;200;185;56264;28135;;349;200;177.5;52343;26174;;200;181.25
350;200;185.6;56664;28335;;350;200;178.7;52743;26374;;200;182.15
351;200;186.1;57064;28535;;351;200;179.7;53143;26574;;200;182.9
352;200;186.5;57464;28735;;352;200;180.4;53542;26774;;200;183.45
353;199;187;57862;28934;;353;200;181.5;53942;26974;;199.5;184.25
354;200;187.7;58262;29134;;354;200;182.4;54342;27174;;200;185.05
355;200;188.5;58662;29334;;355;200;182.9;54742;27374;;200;185.7
356;200;189.2;59061;29534;;356;200;183.6;55142;27574;;200;186.4
357;200;189.4;59461;29734;;357;200;184.1;55542;27774;;200;186.75
358;200;190.1;59861;29934;;358;200;184.7;55942;27974;;200;187.4
359;200;190.8;60261;30134;;359;200;185.4;56342;28174;;200;188.1
360;200;191.4;60661;30334;;360;200;185.8;56742;28374;;200;188.6
361;200;192;61061;30534;;361;200;186.4;57142;28574;;200;189.2
362;200;192.5;61461;30734;;362;200;186.8;57542;28774;;200;189.65
363;200;192.6;61861;30934;;363;200;187.5;57942;28974;;200;190.05
364;200;193;62261;31134;;364;200;188.2;58342;29174;;200;190.6
365;200;193.5;62661;31334;;365;200;188.8;58742;29374;;200;191.15
366;200;193.9;63061;31534;;366;200;189.5;59141;29574;;200;191.7
367;200;194.2;63461;31734;;367;200;190.1;59541;29774;;200;192.15
368;200;194.6;63861;31934;;368;200;190.5;59941;29974;;200;192.55
369;200;195;64261;32134;;369;200;191;60341;30174;;200;193
370;200;195.1;64661;32334;;370;200;191.4;60741;30374;;200;193.25
371;200;195.1;65061;32534;;371;200;192;61141;30574;;200;193.55
372;200;195.5;65460;32734;;372;200;192.5;61541;30774;;200;194
373;200;195.7;65860;32934;;373;200;192.7;61941;30974;;200;194.2
374;200;196.1;66260;33134;;374;200;193.2;62341;31174;;200;194.65
375;200;196.5;66660;33334;;375;200;193.7;62741;31374;;200;195.1
376;200;196.6;67060;33534;;376;200;193.7;63141;31574;;200;195.15
377;200;196.9;67460;33734;;377;200;194.2;63541;31774;;200;195.55
378;200;197.3;67860;33934;;378;200;194.2;63941;31974;;200;195.75
379;200;197.5;68260;34134;;379;200;194.2;64341;32174;;200;195.85
380;200;197.8;68660;34334;;380;200;194.5;64741;32374;;200;196.15
381;200;197.8;69060;34534;;381;200;194.7;65141;32574;;200;196.25
382;200;197.8;69460;34734;;382;200;195;65540;32774;;200;196.4
383;200;198.2;69860;34934;;383;200;195.2;65940;32974;;200;196.7
384;200;198.5;70260;35134;;384;200;195.5;66340;33174;;200;197
385;200;198.5;70660;35334;;385;200;195.5;66740;33374;;200;197
386;200;198.8;71060;35534;;386;200;195.7;67140;33574;;200;197.25
387;200;199.2;71460;35734;;387;200;196.1;67540;33774;;200;197.65
388;200;199.2;71860;35934;;388;200;196.5;67940;33974;;200;197.85
389;200;199.2;72260;36134;;389;200;196.7;68340;34174;;200;197.95
390;200;199.4;72660;36334;;390;200;197.2;68740;34374;;200;198.3
391;200;199.4;73060;36534;;391;200;197.2;69140;34574;;200;198.3
392;200;199.6;73460;36734;;392;200;197.2;69540;34774;;200;198.4
393;200;199.6;73860;36934;;393;200;197.6;69940;34974;;200;198.6
394;200;199.6;74260;37134;;394;200;197.6;70340;35174;;200;198.6
395;200;199.6;74659;37334;;395;200;197.6;70740;35374;;200;198.6
396;200;199.6;75059;37534;;396;200;197.9;71140;35574;;200;198.75
397;200;199.6;75459;37734;;397;200;198.4;71540;35774;;200;199
398;200;199.6;75859;37934;;398;200;198.6;71940;35974;;200;199.1
399;200;199.6;76259;38134;;399;200;198.6;72340;36174;;200;199.1
400;200;199.6;76659;38334;;400;200;198.9;72740;36374;;200;199.25
401;200;199.6;77059;38534;;401;200;199.4;73140;36574;;200;199.5
402;200;199.6;77459;38734;;402;200;199.4;73540;36774;;200;199.5
403;200;199.6;77859;38934;;403;200;199.4;73940;36974;;200;199.5
404;200;199.7;78259;39134;;404;200;199.4;74340;37174;;200;199.55
405;200;199.7;78659;39334;;405;200;199.4;74739;37374;;200;199.55
406;200;199.7;79059;39534;;406;200;199.4;75139;37574;;200;199.55
407;200;199.7;79459;39734;;407;200;199.4;75539;37774;;200;199.55
408;200;199.7;79859;39934;;408;200;199.5;75939;37974;;200;199.6
409;200;199.9;80259;40134;;409;188;199.4;76315;38162;;194;199.65
410;200;199.9;80659;40334;;410;200;199.4;76715;38362;;200;199.65
411;200;199.9;81059;40534;;411;200;199.4;77115;38562;;200;199.65
412;200;199.9;81459;40734;;412;200;199.6;77515;38762;;200;199.75
413;200;199.9;81859;40934;;413;200;199.6;77915;38962;;200;199.75
414;200;199.9;82259;41134;;414;200;199.6;78315;39162;;200;199.75
415;200;199.9;82659;41334;;415;200;199.6;78715;39362;;200;199.75
416;200;199.9;83059;41534;;416;200;199.6;79115;39562;;200;199.75
417;200;199.9;83459;41734;;417;200;199.6;79515;39762;;200;199.75
418;200;199.9;83859;41934;;418;200;199.6;79915;39962;;200;199.75
419;200;199.9;84259;42134;;419;200;199.9;80315;40162;;200;199.9
420;200;200;84658;42334;;420;200;199.9;80715;40362;;200;199.95
421;200;200;85058;42534;;421;200;199.9;81115;40562;;200;199.95
422;200;200;85458;42734;;422;200;199.9;81515;40762;;200;199.95
423;200;200;85858;42934;;423;200;199.9;81915;40962;;200;199.95
424;200;200;86258;43134;;424;200;199.9;82315;41162;;200;199.95
425;200;200;86658;43334;;425;200;199.9;82715;41362;;200;199.95
426;200;200;87058;43534;;426;200;199.9;83115;41562;;200;199.95
427;200;200;87458;43734;;427;200;199.9;83515;41762;;200;199.95
428;200;200;87858;43934;;428;200;199.9;83915;41962;;200;199.95
429;200;200;88258;44134;;429;200;199.9;84315;42162;;200;199.95
430;200;200;88658;44334;;430;200;199.9;84714;42362;;200;199.95
431;198;200;89054;44532;;431;200;199.9;85114;42562;;199;199.95
432;200;200;89454;44732;;432;200;199.9;85514;42762;;200;199.95
433;200;200;89854;44932;;433;200;199.9;85914;42962;;200;199.95
434;200;200;90254;45132;;434;200;199.9;86314;43162;;200;199.95
435;200;200;90654;45332;;435;200;199.9;86714;43362;;200;199.95
436;200;200;91054;45532;;436;200;199.9;87114;43562;;200;199.95
437;200;200;91454;45732;;437;200;199.9;87514;43762;;200;199.95
438;200;200;91853;45932;;438;200;199.9;87914;43962;;200;199.95
439;200;200;92253;46132;;439;200;199.9;88314;44162;;200;199.95
440;200;200;92653;46332;;440;200;199.9;88714;44362;;200;199.95
441;200;200;93053;46532;;441;179;199.7;89072;44541;;189.5;199.85
442;175;199.7;93403;46707;;442;200;199.7;89472;44741;;187.5;199.7
443;200;199.7;93803;46907;;443;200;199.7;89872;44941;;200;199.7
444;200;199.7;94203;47107;;444;200;199.7;90272;45141;;200;199.7
445;157;199.3;94517;47264;;445;200;199.7;90672;45341;;178.5;199.5
446;200;199.3;94917;47464;;446;200;199.7;91072;45541;;200;199.5
447;189;199.2;95295;47653;;447;200;199.7;91472;45741;;194.5;199.45
448;157;198.8;95609;47810;;448;200;199.7;91871;45941;;178.5;199.25
449;189;198.6;95987;47999;;449;200;199.7;92271;46141;;194.5;199.15
450;200;198.6;96387;48199;;450;200;199.7;92671;46341;;200;199.15
451;189;198.5;96765;48388;;451;200;199.7;93071;46541;;194.5;199.1
452;200;198.5;97165;48588;;452;188;199.6;93447;46729;;194;199.05
453;193;198.5;97551;48781;;453;166;199.2;93779;46895;;179.5;198.85
454;168;198.2;97887;48949;;454;200;199.2;94179;47095;;184;198.7
455;192;198.1;98271;49141;;455;185;199.1;94549;47280;;188.5;198.6
456;200;198.1;98671;49341;;456;200;199.1;94949;47480;;200;198.6
457;200;198.1;99071;49541;;457;200;199.1;95349;47680;;200;198.6
458;200;198.1;99471;49741;;458;200;199.1;95749;47880;;200;198.6
459;200;198.1;99871;49941;;459;173;198.8;96095;48053;;186.5;198.45
460;200;198.1;100271;50141;;460;200;198.8;96495;48253;;200;198.45
461;167;197.7;100605;50308;;461;165;198.4;96825;48418;;166;198.05
462;171;197.4;100947;50479;;462;200;198.4;97225;48618;;185.5;197.9
463;193;197.4;101333;50672;;463;200;198.4;97625;48818;;196.5;197.9
464;200;197.4;101733;50872;;464;200;198.4;98025;49018;;200;197.9
465;200;197.4;102133;51072;;465;174;198.2;98373;49192;;187;197.8
466;200;197.4;102533;51272;;466;172;197.9;98717;49364;;186;197.65
467;200;197.4;102933;51472;;467;200;197.9;99117;49564;;200;197.65
468;200;197.4;103333;51672;;468;200;197.9;99517;49764;;200;197.65
469;200;197.4;103733;51872;;469;200;197.9;99917;49964;;200;197.65
470;200;197.4;104133;52072;;470;162;197.5;100241;50126;;181;197.45
471;200;197.4;104533;52272;;471;156;197.1;100553;50282;;178;197.25
472;200;197.4;104933;52472;;472;157;196.6;100867;50439;;178.5;197
473;200;197.4;105332;52672;;473;200;196.6;101267;50639;;200;197
474;200;197.4;105732;52872;;474;179;196.4;101625;50818;;189.5;196.9
475;200;197.4;106132;53072;;475;200;196.4;102025;51018;;200;196.9
476;200;197.4;106532;53272;;476;200;196.4;102425;51218;;200;196.9
477;198;197.4;106928;53470;;477;200;196.4;102825;51418;;199;196.9
478;200;197.4;107328;53670;;478;200;196.4;103225;51618;;200;196.9
479;199;197.4;107725;53869;;479;200;196.4;103625;51818;;199.5;196.9
480;200;197.4;108125;54069;;480;200;196.4;104025;52018;;200;196.9
481;200;197.4;108525;54269;;481;200;196.4;104425;52218;;200;196.9
482;200;197.4;108925;54469;;482;188;196.3;104801;52406;;194;196.85
483;200;197.4;109325;54669;;483;200;196.3;105201;52606;;200;196.85
484;200;197.4;109724;54869;;484;200;196.3;105600;52806;;200;196.85
485;200;197.4;110124;55069;;485;200;196.3;106000;53006;;200;196.85
486;200;197.4;110524;55269;;486;200;196.3;106400;53206;;200;196.85
487;200;197.4;110924;55469;;487;200;196.3;106800;53406;;200;196.85
488;200;197.4;111324;55669;;488;200;196.3;107200;53606;;200;196.85
489;200;197.4;111724;55869;;489;200;196.3;107600;53806;;200;196.85
490;200;197.4;112124;56069;;490;200;196.3;107999;54006;;200;196.85
491;200;197.4;112524;56269;;491;200;196.3;108399;54206;;200;196.85
492;200;197.4;112924;56469;;492;200;196.3;108799;54406;;200;196.85
493;200;197.4;113324;56669;;493;200;196.3;109199;54606;;200;196.85
494;200;197.4;113724;56869;;494;200;196.3;109598;54806;;200;196.85
495;200;197.4;114124;57069;;495;200;196.3;109998;55006;;200;196.85
496;200;197.4;114524;57269;;496;200;196.3;110398;55206;;200;196.85
497;200;197.4;114924;57469;;497;200;196.3;110798;55406;;200;196.85
498;200;197.4;115323;57669;;498;200;196.3;111198;55606;;200;196.85
499;200;197.4;115723;57869;;499;200;196.3;111598;55806;;200;196.85
500;200;197.4;116123;58069;;500;200;196.3;111998;56006;;200;196.85
501;200;197.4;116523;58269;;501;200;196.3;112398;56206;;200;196.85
502;200;197.4;116923;58469;;502;200;196.3;112798;56406;;200;196.85
503;200;197.4;117323;58669;;503;200;196.3;113198;56606;;200;196.85
504;200;197.4;117723;58869;;504;200;196.3;113598;56806;;200;196.85
505;200;197.4;118123;59069;;505;200;196.3;113998;57006;;200;196.85
506;200;197.4;118523;59269;;506;200;196.3;114398;57206;;200;196.85
507;186;197.2;118895;59455;;507;200;196.3;114798;57406;;193;196.75
508;200;197.2;119295;59655;;508;200;196.3;115198;57606;;200;196.75
509;200;197.2;119695;59855;;509;200;196.4;115597;57806;;200;196.8
510;200;197.2;120095;60055;;510;200;196.4;115997;58006;;200;196.8
511;200;197.2;120495;60255;;511;200;196.4;116397;58206;;200;196.8
512;200;197.2;120895;60455;;512;200;196.4;116797;58406;;200;196.8
513;200;197.2;121295;60655;;513;193;196.4;117183;58599;;196.5;196.8
514;200;197.2;121695;60855;;514;200;196.4;117583;58799;;200;196.8
515;200;197.2;122095;61055;;515;200;196.4;117983;58999;;200;196.8
516;200;197.2;122495;61255;;516;200;196.4;118383;59199;;200;196.8
517;200;197.2;122895;61455;;517;200;196.4;118783;59399;;200;196.8
518;192;197.1;123279;61647;;518;200;196.4;119183;59599;;196;196.75
519;200;197.1;123679;61847;;519;200;196.4;119583;59799;;200;196.75
520;200;197.1;124079;62047;;520;200;196.4;119983;59999;;200;196.75
521;200;197.1;124479;62247;;521;200;196.4;120383;60199;;200;196.75
522;200;197.1;124879;62447;;522;200;196.4;120783;60399;;200;196.75
523;200;197.1;125279;62647;;523;200;196.4;121183;60599;;200;196.75
524;200;197.1;125679;62847;;524;200;196.4;121583;60799;;200;196.75
525;200;197.1;126079;63047;;525;200;196.4;121983;60999;;200;196.75
526;200;197.1;126479;63247;;526;200;196.4;122383;61199;;200;196.75
527;200;197.1;126879;63447;;527;200;196.4;122783;61399;;200;196.75
528;200;197.1;127279;63647;;528;200;196.4;123183;61599;;200;196.75
529;197;197.1;127673;63844;;529;200;196.4;123583;61799;;198.5;196.75
530;200;197.1;128073;64044;;530;200;196.4;123983;61999;;200;196.75
531;200;197.1;128472;64244;;531;189;196.3;124361;62188;;194.5;196.7
532;200;197.1;128872;64444;;532;200;196.3;124761;62388;;200;196.7
533;193;197;129258;64637;;533;200;196.3;125161;62588;;196.5;196.65
534;200;197;129658;64837;;534;200;196.3;125561;62788;;200;196.65
535;200;197;130058;65037;;535;200;196.3;125961;62988;;200;196.65
536;200;197;130458;65237;;536;197;196.2;126355;63185;;198.5;196.6
537;200;197;130858;65437;;537;200;196.2;126755;63385;;200;196.6
538;200;197;131258;65637;;538;189;196.1;127133;63574;;194.5;196.55
539;194;197;131646;65831;;539;200;196.1;127533;63774;;197;196.55
540;200;197;132046;66031;;540;200;196.1;127933;63974;;200;196.55
541;200;197;132446;66231;;541;200;196.3;128332;64174;;200;196.65
542;200;197.2;132846;66431;;542;191;196.2;128714;64365;;195.5;196.7
543;200;197.2;133246;66631;;543;200;196.2;129114;64565;;200;196.7
544;200;197.2;133646;66831;;544;200;196.2;129514;64765;;200;196.7
545;200;197.7;134046;67031;;545;200;196.2;129914;64965;;200;196.95
546;200;197.7;134446;67231;;546;200;196.2;130314;65165;;200;196.95
547;200;197.8;134846;67431;;547;172;196;130658;65337;;186;196.9
548;196;198.2;135238;67627;;548;200;196;131058;65537;;198;197.1
549;199;198.3;135636;67826;;549;200;196;131458;65737;;199.5;197.15
550;200;198.3;136036;68026;;550;200;196;131858;65937;;200;197.15
551;200;198.4;136436;68226;;551;200;196;132258;66137;;200;197.2
552;200;198.4;136836;68426;;552;183;195.9;132624;66320;;191.5;197.15
553;196;198.4;137228;68622;;553;200;196.2;133024;66520;;198;197.3
554;200;198.7;137628;68822;;554;200;196.2;133424;66720;;200;197.45
555;182;198.6;137992;69004;;555;186;196.3;133796;66906;;184;197.45
556;200;198.6;138392;69204;;556;200;196.3;134196;67106;;200;197.45
557;198;198.6;138788;69402;;557;200;196.3;134596;67306;;199;197.45
558;185;198.5;139158;69587;;558;200;196.3;134996;67506;;192.5;197.4
559;200;198.5;139558;69787;;559;200;196.5;135396;67706;;200;197.5
560;200;198.5;139958;69987;;560;200;196.5;135796;67906;;200;197.5
561;200;198.8;140358;70187;;561;200;196.9;136196;68106;;200;197.85
562;200;199.1;140758;70387;;562;200;196.9;136596;68306;;200;198
563;200;199.2;141158;70587;;563;198;196.9;136992;68504;;199;198.05
564;200;199.2;141558;70787;;564;185;196.7;137362;68689;;192.5;197.95
565;200;199.2;141958;70987;;565;200;197;137762;68889;;200;198.1
566;200;199.2;142357;71187;;566;195;197.2;138152;69084;;197.5;198.2
567;200;199.2;142757;71387;;567;200;197.2;138552;69284;;200;198.2
568;200;199.2;143157;71587;;568;200;197.2;138952;69484;;200;198.2
569;200;199.2;143557;71787;;569;200;197.2;139352;69684;;200;198.2
570;200;199.2;143957;71987;;570;200;197.6;139752;69884;;200;198.4
571;200;199.2;144357;72187;;571;200;198;140152;70084;;200;198.6
572;200;199.2;144756;72387;;572;200;198.4;140552;70284;;200;198.8
573;200;199.2;145156;72587;;573;200;198.4;140952;70484;;200;198.8
574;200;199.2;145555;72787;;574;200;198.7;141352;70684;;200;198.95
575;200;199.2;145955;72987;;575;200;198.7;141752;70884;;200;198.95
576;200;199.2;146355;73187;;576;200;198.7;142152;71084;;200;198.95
577;200;199.2;146754;73387;;577;200;198.7;142551;71284;;200;198.95
578;200;199.2;147154;73587;;578;200;198.7;142951;71484;;200;198.95
579;200;199.2;147554;73787;;579;200;198.7;143351;71684;;200;198.95
580;200;199.2;147954;73987;;580;200;198.7;143751;71884;;200;198.95
581;200;199.2;148354;74187;;581;200;198.7;144151;72084;;200;198.95
582;200;199.2;148754;74387;;582;200;198.8;144551;72284;;200;199
583;200;199.2;149154;74587;;583;200;198.8;144950;72484;;200;199
584;200;199.2;149554;74787;;584;200;198.8;145350;72684;;200;199
585;200;199.2;149953;74987;;585;200;198.8;145749;72884;;200;199
586;200;199.2;150353;75187;;586;200;198.8;146149;73084;;200;199
587;200;199.2;150753;75387;;587;200;198.8;146549;73284;;200;199
588;200;199.2;151153;75587;;588;200;198.8;146948;73484;;200;199
589;200;199.2;151553;75787;;589;200;198.8;147348;73684;;200;199
590;200;199.2;151953;75987;;590;200;198.8;147748;73884;;200;199
591;200;199.2;152353;76187;;591;200;198.8;148148;74084;;200;199
592;200;199.2;152753;76387;;592;200;198.8;148548;74284;;200;199
593;200;199.2;153152;76587;;593;200;198.8;148948;74484;;200;199
594;200;199.2;153552;76787;;594;200;198.8;149348;74684;;200;199
595;200;199.2;153952;76987;;595;200;198.8;149748;74884;;200;199
596;200;199.2;154352;77187;;596;200;198.8;150147;75084;;200;199
597;200;199.2;154752;77387;;597;200;198.8;150547;75284;;200;199
598;200;199.2;155152;77587;;598;200;198.8;150947;75484;;200;199
599;200;199.2;155551;77787;;599;200;198.8;151347;75684;;200;199
600;200;199.2;155951;77987;;600;200;198.8;151747;75884;;200;199
601;200;199.2;156351;78187;;601;200;198.8;152147;76084;;200;199
602;200;199.2;156751;78387;;602;200;198.8;152547;76284;;200;199
603;200;199.2;157151;78587;;603;200;198.8;152946;76484;;200;199
604;200;199.2;157551;78787;;604;200;198.8;153346;76684;;200;199
605;200;199.2;157951;78987;;605;200;198.8;153746;76884;;200;199
606;200;199.2;158351;79187;;606;200;198.8;154146;77084;;200;199
607;200;199.3;158751;79387;;607;200;198.8;154546;77284;;200;199.05
608;200;199.3;159151;79587;;608;200;198.8;154946;77484;;200;199.05
609;200;199.3;159551;79787;;609;200;198.8;155346;77684;;200;199.05
610;200;199.3;159951;79987;;610;200;198.8;155745;77884;;200;199.05
611;200;199.3;160351;80187;;611;200;198.8;156145;78084;;200;199.05
612;200;199.3;160750;80387;;612;200;198.8;156545;78284;;200;199.05
613;200;199.3;161150;80587;;613;200;198.8;156945;78484;;200;199.05
614;200;199.3;161550;80787;;614;200;198.8;157345;78684;;200;199.05
615;200;199.3;161950;80987;;615;200;198.8;157745;78884;;200;199.05
616;200;199.3;162350;81187;;616;200;198.8;158145;79084;;200;199.05
617;200;199.3;162750;81387;;617;200;198.8;158545;79284;;200;199.05
618;200;199.4;163150;81587;;618;200;198.8;158945;79484;;200;199.1
619;200;199.4;163550;81787;;619;200;198.8;159345;79684;;200;199.1
620;200;199.4;163950;81987;;620;200;198.8;159745;79884;;200;199.1
621;200;199.4;164350;82187;;621;200;198.8;160145;80084;;200;199.1
622;200;199.4;164750;82387;;622;200;198.8;160544;80284;;200;199.1
623;200;199.4;165150;82587;;623;200;198.8;160944;80484;;200;199.1
624;200;199.4;165550;82787;;624;200;198.8;161344;80684;;200;199.1
625;200;199.4;165950;82987;;625;200;198.8;161744;80884;;200;199.1
626;200;199.4;166350;83187;;626;200;198.8;162144;81084;;200;199.1
627;200;199.4;166750;83387;;627;200;198.8;162544;81284;;200;199.1
628;200;199.4;167150;83587;;628;200;198.8;162944;81484;;200;199.1
629;200;199.4;167550;83787;;629;200;198.8;163344;81684;;200;199.1
630;200;199.4;167950;83987;;630;200;198.8;163744;81884;;200;199.1
631;200;199.4;168350;84187;;631;200;199;164144;82084;;200;199.2
632;200;199.4;168750;84387;;632;200;199;164544;82284;;200;199.2
633;200;199.5;169150;84587;;633;200;199;164944;82484;;200;199.25
634;200;199.5;169550;84787;;634;200;199;165344;82684;;200;199.25
635;200;199.5;169950;84987;;635;200;199;165744;82884;;200;199.25
636;200;199.5;170350;85187;;636;200;199;166144;83084;;200;199.25
637;200;199.5;170750;85387;;637;200;199;166544;83284;;200;199.25
638;200;199.5;171150;85587;;638;200;199.1;166944;83484;;200;199.3
639;200;199.6;171550;85787;;639;200;199.1;167344;83684;;200;199.35
640;200;199.6;171950;85987;;640;200;199.1;167744;83884;;200;199.35
641;200;199.6;172350;86187;;641;200;199.1;168144;84084;;200;199.35
642;200;199.6;172750;86387;;642;200;199.2;168544;84284;;200;199.4
643;200;199.6;173150;86587;;643;200;199.2;168944;84484;;200;199.4
644;200;199.6;173550;86787;;644;200;199.2;169344;84684;;200;199.4
645;200;199.6;173950;86987;;645;200;199.2;169744;84884;;200;199.4
646;200;199.6;174350;87187;;646;200;199.2;170144;85084;;200;199.4
647;200;199.6;174750;87387;;647;200;199.5;170544;85284;;200;199.55
648;200;199.6;175150;87587;;648;200;199.5;170944;85484;;200;199.55
649;200;199.6;175550;87787;;649;200;199.5;171344;85684;;200;199.55
650;200;199.6;175950;87987;;650;200;199.5;171744;85884;;200;199.55
651;200;199.6;176350;88187;;651;200;199.5;172144;86084;;200;199.55
652;200;199.6;176750;88387;;652;200;199.6;172544;86284;;200;199.6
653;200;199.6;177150;88587;;653;200;199.6;172944;86484;;200;199.6
654;200;199.6;177550;88787;;654;200;199.6;173344;86684;;200;199.6
655;200;199.8;177950;88987;;655;200;199.8;173744;86884;;200;199.8
656;200;200;0;0;;656;200;199.8;174144;87084;;200;199.9
657;200;200;0;0;;657;200;199.8;174544;87284;;200;199.9
658;200;200;0;0;;658;200;199.8;174944;87484;;200;199.9
659;200;200;0;0;;659;200;199.8;175344;87684;;200;199.9
660;200;200;0;0;;660;200;199.8;175744;87884;;200;199.9
661;200;200;0;0;;661;200;199.8;176144;88084;;200;199.9
662;200;200;0;0;;662;200;199.8;176544;88284;;200;199.9
663;200;200;0;0;;663;200;199.8;176944;88484;;200;199.9
664;200;200;0;0;;664;200;200;177344;88684;;200;200
665;200;200;0;0;;665;200;200;177744;88884;;200;200
666;200;200;0;0;;666;200;200;178144;89084;;200;200
