episode;reward0;avg_reward0;t_global;cr;;episode;reward1;avg_reward1;t_global;cr;;episode;reward2;avg_reward2;t_global;cr;;episode;reward3;avg_reward3;t_global;cr;;avg_reward;avg_avg_reward
1;11.0;11.0;0.0;0;;1;27.0;27.0;0.0;0;;1;15.0;15.0;0.0;0;;1;16.0;16.0;0.0;0;;17.25;17.25
2;15.0;13.0;0.0;0;;2;22.0;24.5;0.0;0;;2;16.0;15.5;0.0;0;;2;24.0;20.0;0.0;0;;19.25;18.25
3;9.0;11.7;0.0;0;;3;14.0;21.0;0.0;0;;3;39.0;23.3;0.0;0;;3;20.0;20.0;0.0;0;;20.5;19.0
4;13.0;12.0;0.0;0;;4;29.0;23.0;0.0;0;;4;17.0;21.8;0.0;0;;4;25.0;21.2;0.0;0;;21.0;19.5
5;13.0;12.2;0.0;0;;5;12.0;20.8;0.0;0;;5;19.0;21.2;0.0;0;;5;13.0;19.6;0.0;0;;14.25;18.45
6;21.0;13.7;0.0;0;;6;23.0;21.2;0.0;0;;6;10.0;19.3;0.0;0;;6;10.0;18.0;0.0;0;;16.0;18.05
7;22.0;14.9;0.0;0;;7;22.0;21.3;0.0;0;;7;20.0;19.4;0.0;0;;7;33.0;20.1;0.0;0;;24.25;18.925
8;17.0;15.1;0.0;0;;8;21.0;21.2;0.0;0;;8;23.0;19.9;0.0;0;;8;21.0;20.2;0.0;0;;20.5;19.099999999999998
9;14.0;15.0;0.0;0;;9;20.0;21.1;0.0;0;;9;14.0;19.2;0.0;0;;9;37.0;22.1;0.0;0;;21.25;19.35
10;18.0;15.3;0.0;0;;10;42.0;23.2;0.0;0;;10;10.0;18.3;0.0;0;;10;23.0;22.2;0.0;0;;23.25;19.75
11;14.0;15.2;0.0;0;;11;11.0;22.1;0.0;0;;11;15.0;18.0;0.0;0;;11;22.0;22.2;0.0;0;;15.5;19.375
12;16.0;15.2;0.0;0;;12;10.0;21.1;0.0;0;;12;17.0;17.9;0.0;0;;12;18.0;21.8;0.0;0;;15.25;19.0
13;27.0;16.2;0.0;0;;13;30.0;21.8;0.0;0;;13;17.0;17.8;0.0;0;;13;12.0;21.1;0.0;0;;21.5;19.225
14;9.0;15.6;0.0;0;;14;26.0;22.1;0.0;0;;14;12.0;17.4;0.0;0;;14;23.0;21.2;0.0;0;;17.5;19.075
15;20.0;15.9;0.0;0;;15;21.0;22.0;0.0;0;;15;16.0;17.3;0.0;0;;15;21.0;21.2;0.0;0;;19.5;19.1
16;9.0;15.5;0.0;0;;16;49.0;23.7;0.0;0;;16;30.0;18.1;0.0;0;;16;17.0;20.9;0.0;0;;26.25;19.55
17;11.0;15.2;0.0;0;;17;16.0;23.2;0.0;0;;17;16.0;18.0;0.0;0;;17;31.0;21.5;0.0;0;;18.5;19.475
18;13.0;15.1;0.0;0;;18;13.0;22.7;0.0;0;;18;17.0;17.9;0.0;0;;18;11.0;20.9;0.0;0;;13.5;19.15
19;24.0;15.6;0.0;0;;19;28.0;22.9;0.0;0;;19;12.0;17.6;0.0;0;;19;13.0;20.5;0.0;0;;19.25;19.15
20;48.0;17.2;0.0;0;;20;14.0;22.5;0.0;0;;20;12.0;17.4;0.0;0;;20;13.0;20.2;0.0;0;;21.75;19.325
21;21.0;17.4;0.0;0;;21;14.0;22.1;0.0;0;;21;19.0;17.4;0.0;0;;21;32.0;20.7;0.0;0;;21.5;19.4
22;25.0;17.7;0.0;0;;22;15.0;21.8;0.0;0;;22;13.0;17.2;0.0;0;;22;23.0;20.8;0.0;0;;19.0;19.375
23;24.0;18.0;0.0;0;;23;32.0;22.2;0.0;0;;23;28.0;17.7;0.0;0;;23;10.0;20.3;0.0;0;;23.5;19.55
24;17.0;18.0;0.0;0;;24;16.0;22.0;0.0;0;;24;33.0;18.3;0.0;0;;24;11.0;20.0;0.0;0;;19.25;19.575
25;16.0;17.9;0.0;0;;25;40.0;22.7;0.0;0;;25;28.0;18.7;0.0;0;;25;11.0;19.6;0.0;0;;23.75;19.725
26;16.0;17.8;0.0;0;;26;24.0;22.7;0.0;0;;26;19.0;18.7;0.0;0;;26;15.0;19.4;0.0;0;;18.5;19.65
27;18.0;17.8;0.0;0;;27;13.0;22.4;0.0;0;;27;26.0;19.0;0.0;0;;27;28.0;19.7;0.0;0;;21.25;19.725
28;11.0;17.6;0.0;0;;28;17.0;22.2;0.0;0;;28;19.0;19.0;0.0;0;;28;18.0;19.7;0.0;0;;16.25;19.625
29;27.0;17.9;0.0;0;;29;11.0;21.8;0.0;0;;29;22.0;19.1;0.0;0;;29;14.0;19.5;0.0;0;;18.5;19.575
30;13.0;17.7;0.0;0;;30;19.0;21.7;0.0;0;;30;26.0;19.3;0.0;0;;30;13.0;19.3;0.0;0;;17.75;19.5
31;19.0;17.8;0.0;0;;31;16.0;21.5;0.0;0;;31;45.0;20.2;0.0;0;;31;18.0;19.2;0.0;0;;24.5;19.675
32;21.0;17.9;0.0;0;;32;35.0;21.9;0.0;0;;32;13.0;19.9;0.0;0;;32;14.0;19.1;0.0;0;;20.75;19.7
33;11.0;17.7;0.0;0;;33;25.0;22.0;0.0;0;;33;36.0;20.4;0.0;0;;33;12.0;18.8;0.0;0;;21.0;19.725
34;62.0;19.0;0.0;0;;34;19.0;21.9;0.0;0;;34;39.0;21.0;0.0;0;;34;22.0;18.9;0.0;0;;35.5;20.2
35;18.0;18.9;0.0;0;;35;28.0;22.1;0.0;0;;35;24.0;21.1;0.0;0;;35;28.0;19.2;200.0;0;;24.5;20.325
36;17.0;18.9;0.0;0;;36;34.0;22.4;0.0;0;;36;29.0;21.3;0.0;0;;36;12.0;19.0;200.0;0;;23.0;20.4
37;29.0;19.2;0.0;0;;37;59.0;23.4;0.0;0;;37;45.0;21.9;0.0;0;;37;50.0;19.8;200.0;0;;45.75;21.075
38;13.0;19.0;0.0;0;;38;10.0;23.1;0.0;0;;38;10.0;21.6;0.0;0;;38;18.0;19.8;200.0;0;;12.75;20.875
39;31.0;19.3;0.0;0;;39;29.0;23.2;0.0;0;;39;18.0;21.5;0.0;0;;39;22.0;19.8;200.0;0;;25.0;20.95
40;24.0;19.4;0.0;0;;40;35.0;23.5;0.0;0;;40;18.0;21.4;0.0;0;;40;31.0;20.1;200.0;0;;27.0;21.1
41;28.0;19.6;0.0;0;;41;63.0;24.5;0.0;0;;41;18.0;21.3;0.0;0;;41;12.0;19.9;200.0;0;;30.25;21.325
42;13.0;19.5;0.0;0;;42;14.0;24.2;0.0;0;;42;16.0;21.2;0.0;0;;42;17.0;19.9;200.0;0;;15.0;21.2
43;22.0;19.5;0.0;0;;43;36.0;24.5;0.0;0;;43;12.0;21.0;0.0;0;;43;27.0;20.0;200.0;0;;24.25;21.25
44;27.0;19.7;0.0;0;;44;29.0;24.6;0.0;0;;44;41.0;21.5;0.0;0;;44;11.0;19.8;200.0;0;;27.0;21.4
45;13.0;19.6;0.0;0;;45;26.0;24.6;400.0;0.0;;45;36.0;21.8;0.0;0;;45;29.0;20.0;200.0;0;;26.0;21.5
46;30.0;19.8;0.0;0;;46;19.0;24.5;400.0;0.0;;46;20.0;21.7;0.0;0;;46;15.0;19.9;200.0;0;;21.0;21.475
47;24.0;19.9;0.0;0;;47;53.0;25.1;400.0;0.0;;47;24.0;21.8;0.0;0;;47;20.0;19.9;200.0;0;;30.25;21.675
48;15.0;19.8;0.0;0;;48;13.0;24.9;400.0;0.0;;48;17.0;21.7;0.0;0;;48;15.0;19.8;200.0;0;;15.0;21.55
49;16.0;19.7;0.0;0;;49;19.0;24.8;800.0;1.0;;49;17.0;21.6;0.0;0;;49;17.0;19.8;200.0;0;;17.25;21.475
50;27.0;19.8;0.0;0;;50;23.0;24.7;800.0;1.0;;50;12.0;21.4;0.0;0;;50;25.0;19.9;200.0;0;;21.75;21.45
51;61.0;20.6;0.0;0;;51;15.0;24.5;800.0;1.0;;51;15.0;21.3;0.0;0;;51;9.0;19.6;200.0;0;;25.0;21.5
52;19.0;20.6;0.0;0;;52;29.0;24.6;800.0;1.0;;52;12.0;21.1;0.0;0;;52;11.0;19.5;200.0;0;;17.75;21.450000000000003
53;21.0;20.6;0.0;0;;53;23.0;24.6;1200.0;2.0;;53;36.0;21.4;400.0;0.0;;53;21.0;19.5;200.0;0;;25.25;21.525
54;13.0;20.5;400.0;0.0;;54;15.0;24.4;1200.0;2.0;;54;34.0;21.6;400.0;0.0;;54;27.0;19.6;200.0;0;;22.25;21.525
55;73.0;21.4;400.0;0.0;;55;10.0;24.1;1200.0;2.0;;55;11.0;21.4;400.0;0.0;;55;19.0;19.6;200.0;0;;28.25;21.625
56;12.0;21.3;400.0;0.0;;56;18.0;24.0;1200.0;2.0;;56;10.0;21.2;400.0;0.0;;56;30.0;19.8;400.0;0.0;;17.5;21.575
57;42.0;21.6;800.0;1.0;;57;25.0;24.1;1200.0;2.0;;57;22.0;21.2;800.0;1.0;;57;15.0;19.7;400.0;0.0;;26.0;21.65
58;20.0;21.6;800.0;1.0;;58;16.0;23.9;1200.0;2.0;;58;11.0;21.1;800.0;1.0;;58;13.0;19.6;400.0;0.0;;15.0;21.55
59;13.0;21.5;800.0;1.0;;59;26.0;23.9;1600.0;3.0;;59;12.0;20.9;800.0;1.0;;59;18.0;19.6;400.0;0.0;;17.25;21.475
60;19.0;21.4;800.0;1.0;;60;18.0;23.8;1600.0;3.0;;60;30.0;21.0;800.0;1.0;;60;14.0;19.5;400.0;0.0;;20.25;21.425
61;17.0;21.3;1200.0;2.0;;61;29.0;23.9;1600.0;3.0;;61;16.0;21.0;800.0;1.0;;61;17.0;19.5;400.0;0.0;;19.75;21.425
62;43.0;21.7;1200.0;2.0;;62;50.0;24.4;2000.0;4.0;;62;21.0;21.0;800.0;1.0;;62;15.0;19.4;800.0;1.0;;32.25;21.625
63;40.0;22.0;1200.0;2.0;;63;14.0;24.2;2000.0;4.0;;63;14.0;20.9;1200.0;2.0;;63;15.0;19.3;800.0;1.0;;20.75;21.6
64;12.0;21.8;1200.0;2.0;;64;16.0;24.1;2000.0;4.0;;64;17.0;20.8;1200.0;2.0;;64;18.0;19.3;800.0;1.0;;15.75;21.5
65;19.0;21.8;1600.0;3.0;;65;56.0;24.6;2000.0;4.0;;65;25.0;20.9;1200.0;2.0;;65;16.0;19.2;800.0;1.0;;29.0;21.625
66;10.0;21.6;1600.0;3.0;;66;10.0;24.3;2400.0;5.0;;66;15.0;20.8;1200.0;2.0;;66;17.0;19.2;800.0;1.0;;13.0;21.475
67;28.0;21.7;1600.0;3.0;;67;20.0;24.3;2400.0;5.0;;67;14.0;20.7;1200.0;2.0;;67;14.0;19.1;800.0;1.0;;19.0;21.45
68;14.0;21.6;1600.0;3.0;;68;12.0;24.1;2400.0;5.0;;68;12.0;20.5;1200.0;2.0;;68;16.0;19.1;800.0;1.0;;13.5;21.325000000000003
69;17.0;21.5;1600.0;3.0;;69;26.0;24.1;2400.0;5.0;;69;10.0;20.4;1600.0;3.0;;69;14.0;19.0;1200.0;2.0;;16.75;21.25
70;15.0;21.4;1600.0;3.0;;70;14.0;24.0;2400.0;5.0;;70;16.0;20.3;1600.0;3.0;;70;17.0;19.0;1200.0;2.0;;15.5;21.175
71;10.0;21.3;2000.0;4.0;;71;12.0;23.8;2400.0;5.0;;71;24.0;20.4;1600.0;3.0;;71;18.0;19.0;1200.0;2.0;;16.0;21.125
72;13.0;21.2;2000.0;4.0;;72;22.0;23.8;2800.0;6.0;;72;19.0;20.4;1600.0;3.0;;72;18.0;19.0;1200.0;2.0;;18.0;21.1
73;32.0;21.3;2000.0;4.0;;73;28.0;23.8;2800.0;6.0;;73;17.0;20.3;1600.0;3.0;;73;35.0;19.2;1400.0;2.0;;28.0;21.15
74;26.0;21.4;2000.0;4.0;;74;22.0;23.8;2800.0;6.0;;74;15.0;20.2;1600.0;3.0;;74;12.0;19.1;1600.0;3.0;;18.75;21.125
75;12.0;21.2;2000.0;4.0;;75;13.0;23.7;2800.0;6.0;;75;16.0;20.2;2000.0;4.0;;75;21.0;19.1;1600.0;3.0;;15.5;21.05
76;22.0;21.2;2400.0;5.0;;76;9.0;23.5;2800.0;6.0;;76;50.0;20.6;2000.0;4.0;;76;15.0;19.1;1600.0;3.0;;24.0;21.1
77;21.0;21.2;2400.0;5.0;;77;37.0;23.6;3200.0;7.0;;77;15.0;20.5;2000.0;4.0;;77;14.0;19.0;1600.0;3.0;;21.75;21.075
78;33.0;21.4;2400.0;5.0;;78;32.0;23.8;3200.0;7.0;;78;19.0;20.5;2000.0;4.0;;78;27.0;19.1;1600.0;3.0;;27.75;21.2
79;18.0;21.4;2400.0;5.0;;79;17.0;23.7;3200.0;7.0;;79;23.0;20.5;2400.0;5.0;;79;23.0;19.1;2000.0;4.0;;20.25;21.175
80;12.0;21.2;2400.0;5.0;;80;24.0;23.7;3200.0;7.0;;80;14.0;20.4;2400.0;5.0;;80;11.0;19.0;2000.0;4.0;;15.25;21.075
81;12.0;21.1;2800.0;6.0;;81;18.0;23.6;3600.0;8.0;;81;35.0;20.6;2400.0;5.0;;81;23.0;19.1;2000.0;4.0;;22.0;21.1
82;9.0;21.0;2800.0;6.0;;82;30.0;23.7;3600.0;8.0;;82;20.0;20.6;2400.0;5.0;;82;15.0;19.0;2000.0;4.0;;18.5;21.075
83;20.0;21.0;2800.0;6.0;;83;13.0;23.6;3600.0;8.0;;83;17.0;20.6;2800.0;6.0;;83;38.0;19.3;2000.0;4.0;;22.0;21.125
84;40.0;21.2;2800.0;6.0;;84;34.0;23.7;3600.0;8.0;;84;23.0;20.6;2800.0;6.0;;84;25.0;19.3;2400.0;5.0;;30.5;21.2
85;23.0;21.2;3200.0;7.0;;85;10.0;23.5;3700.0;8.0;;85;14.0;20.5;2800.0;6.0;;85;57.0;19.8;2400.0;5.0;;26.0;21.25
86;50.0;21.5;3200.0;7.0;;86;30.0;23.6;4000.0;9.0;;86;18.0;20.5;2800.0;6.0;;86;26.0;19.8;2800.0;6.0;;31.0;21.35
87;11.0;21.4;3200.0;7.0;;87;19.0;23.5;4000.0;9.0;;87;12.0;20.4;2800.0;6.0;;87;17.0;19.8;2800.0;6.0;;14.75;21.275
88;20.0;21.4;3200.0;7.0;;88;11.0;23.4;4000.0;9.0;;88;8.0;20.2;2800.0;6.0;;88;23.0;19.9;2800.0;6.0;;15.5;21.224999999999998
89;21.0;21.4;3600.0;8.0;;89;13.0;23.3;4000.0;9.0;;89;29.0;20.3;3200.0;7.0;;89;51.0;20.2;2800.0;6.0;;28.5;21.3
90;16.0;21.3;3600.0;8.0;;90;10.0;23.1;4000.0;9.0;;90;13.0;20.3;3200.0;7.0;;90;14.0;20.1;3200.0;7.0;;13.25;21.200000000000003
91;11.0;21.2;3600.0;8.0;;91;14.0;23.0;4000.0;9.0;;91;9.0;20.1;3200.0;7.0;;91;12.0;20.0;3200.0;7.0;;11.5;21.075
92;11.0;21.1;3600.0;8.0;;92;13.0;22.9;4400.0;10.0;;92;27.0;20.2;3200.0;7.0;;92;42.0;20.3;3200.0;7.0;;23.25;21.125
93;12.0;21.0;3600.0;8.0;;93;35.0;23.1;4400.0;10.0;;93;17.0;20.2;3200.0;7.0;;93;15.0;20.2;3200.0;7.0;;19.75;21.125
94;12.0;20.9;3600.0;8.0;;94;10.0;22.9;4400.0;10.0;;94;47.0;20.5;3600.0;8.0;;94;15.0;20.2;3200.0;7.0;;21.0;21.125
95;11.0;20.8;3600.0;8.0;;95;10.0;22.8;4400.0;10.0;;95;32.0;20.6;3600.0;8.0;;95;33.0;20.3;3600.0;8.0;;21.5;21.125
96;23.0;20.8;3600.0;8.0;;96;17.0;22.7;4400.0;10.0;;96;10.0;20.5;3600.0;8.0;;96;17.0;20.3;3600.0;8.0;;16.75;21.075
97;38.0;21.0;4000.0;9.0;;97;24.0;22.7;4800.0;11.0;;97;38.0;20.7;4000.0;9.0;;97;11.0;20.2;3600.0;8.0;;27.75;21.15
98;10.0;20.9;4000.0;9.0;;98;9.0;22.6;4800.0;11.0;;98;11.0;20.6;4000.0;9.0;;98;27.0;20.2;3600.0;8.0;;14.25;21.075
99;9.0;20.8;4000.0;9.0;;99;12.0;22.5;4800.0;11.0;;99;18.0;20.5;4000.0;9.0;;99;22.0;20.3;4000.0;9.0;;15.25;21.025
100;12.0;20.7;4000.0;9.0;;100;19.0;22.4;4800.0;11.0;;100;25.0;20.6;4000.0;9.0;;100;11.0;20.2;4000.0;9.0;;16.75;20.975
101;30.0;20.9;4000.0;9.0;;101;17.0;22.4;4800.0;11.0;;101;31.0;20.7;4000.0;9.0;;101;10.0;20.1;4000.0;9.0;;22.0;21.025
102;23.0;21.0;4400.0;10.0;;102;11.0;22.2;4800.0;11.0;;102;15.0;20.7;4400.0;10.0;;102;55.0;20.4;4000.0;9.0;;26.0;21.075
103;33.0;21.2;4400.0;10.0;;103;11.0;22.2;4800.0;11.0;;103;17.0;20.5;4400.0;10.0;;103;11.0;20.3;4000.0;9.0;;18.0;21.05
104;12.0;21.2;4400.0;10.0;;104;34.0;22.3;5200.0;12.0;;104;12.0;20.5;4400.0;10.0;;104;35.0;20.4;4400.0;10.0;;23.25;21.1
105;32.0;21.4;4400.0;10.0;;105;17.0;22.3;5200.0;12.0;;105;14.0;20.4;4400.0;10.0;;105;23.0;20.5;4400.0;10.0;;21.5;21.15
106;20.0;21.4;4800.0;11.0;;106;14.0;22.2;5200.0;12.0;;106;22.0;20.5;4400.0;10.0;;106;16.0;20.6;4400.0;10.0;;18.0;21.175
107;17.0;21.3;4800.0;11.0;;107;17.0;22.2;5200.0;12.0;;107;12.0;20.4;4400.0;10.0;;107;11.0;20.4;4400.0;10.0;;14.25;21.075
108;14.0;21.3;4800.0;11.0;;108;17.0;22.1;5200.0;12.0;;108;13.0;20.4;4400.0;10.0;;108;30.0;20.5;4800.0;11.0;;18.5;21.075
109;41.0;21.6;4800.0;11.0;;109;50.0;22.4;5596.0;13.0;;109;9.0;20.3;4800.0;11.0;;109;13.0;20.2;4800.0;11.0;;28.25;21.125
110;10.0;21.5;5200.0;12.0;;110;11.0;22.1;5596.0;13.0;;110;20.0;20.4;4800.0;11.0;;110;19.0;20.2;4800.0;11.0;;15.0;21.05
111;16.0;21.5;5200.0;12.0;;111;10.0;22.1;5596.0;13.0;;111;17.0;20.4;4800.0;11.0;;111;12.0;20.1;4800.0;11.0;;13.75;21.025
112;17.0;21.5;5200.0;12.0;;112;27.0;22.3;5596.0;13.0;;112;26.0;20.5;4800.0;11.0;;112;15.0;20.0;4800.0;11.0;;21.25;21.075
113;69.0;21.9;5596.0;13.0;;113;13.0;22.1;5596.0;13.0;;113;23.0;20.6;4800.0;11.0;;113;15.0;20.1;4800.0;11.0;;30.0;21.175
114;14.0;22.0;5596.0;13.0;;114;25.0;22.1;5992.0;14.0;;114;24.0;20.7;5200.0;12.0;;114;11.0;20.0;4800.0;11.0;;18.5;21.2
115;10.0;21.9;5596.0;13.0;;115;15.0;22.0;5992.0;14.0;;115;10.0;20.6;5200.0;12.0;;115;11.0;19.9;5200.0;12.0;;11.5;21.1
116;14.0;21.9;5596.0;13.0;;116;11.0;21.7;5992.0;14.0;;116;17.0;20.5;5200.0;12.0;;116;16.0;19.8;5200.0;12.0;;14.5;20.975
117;20.0;22.0;5596.0;13.0;;117;20.0;21.7;5992.0;14.0;;117;17.0;20.5;5200.0;12.0;;117;10.0;19.6;5200.0;12.0;;16.75;20.95
118;31.0;22.2;5596.0;13.0;;118;11.0;21.7;5992.0;14.0;;118;31.0;20.6;5200.0;12.0;;118;30.0;19.8;5200.0;12.0;;25.75;21.075
119;45.0;22.4;5992.0;14.0;;119;27.0;21.7;6388.0;15.0;;119;18.0;20.7;5596.0;13.0;;119;47.0;20.2;5596.0;13.0;;34.25;21.25
120;30.0;22.2;5992.0;14.0;;120;14.0;21.7;6388.0;15.0;;120;39.0;21.0;5596.0;13.0;;120;15.0;20.2;5596.0;13.0;;24.5;21.275
121;28.0;22.3;5992.0;14.0;;121;13.0;21.7;6388.0;15.0;;121;20.0;21.0;5596.0;13.0;;121;26.0;20.1;5596.0;13.0;;21.75;21.275
122;11.0;22.2;6388.0;15.0;;122;12.0;21.6;6388.0;15.0;;122;43.0;21.3;5992.0;14.0;;122;14.0;20.0;5596.0;13.0;;20.0;21.275
123;17.0;22.1;6388.0;15.0;;123;20.0;21.5;6388.0;15.0;;123;13.0;21.1;5992.0;14.0;;123;17.0;20.1;5596.0;13.0;;16.75;21.200000000000003
124;19.0;22.1;6388.0;15.0;;124;25.0;21.6;6388.0;15.0;;124;14.0;21.0;5992.0;14.0;;124;19.0;20.2;5596.0;13.0;;19.25;21.225
125;14.0;22.1;6388.0;15.0;;125;15.0;21.4;6784.0;16.0;;125;14.0;20.8;5992.0;14.0;;125;50.0;20.6;5992.0;14.0;;23.25;21.225
126;19.0;22.1;6388.0;15.0;;126;21.0;21.3;6784.0;16.0;;126;33.0;21.0;5992.0;14.0;;126;24.0;20.7;5992.0;14.0;;24.25;21.275
127;34.0;22.3;6784.0;16.0;;127;19.0;21.4;6784.0;16.0;;127;22.0;20.9;6388.0;15.0;;127;39.0;20.8;6388.0;15.0;;28.5;21.35
128;27.0;22.4;6784.0;16.0;;128;13.0;21.3;6784.0;16.0;;128;13.0;20.8;6388.0;15.0;;128;14.0;20.7;6388.0;15.0;;16.75;21.3
129;25.0;22.4;6784.0;16.0;;129;15.0;21.4;6784.0;16.0;;129;20.0;20.8;6388.0;15.0;;129;15.0;20.8;6388.0;15.0;;18.75;21.35
130;14.0;22.4;6784.0;16.0;;130;19.0;21.4;6784.0;16.0;;130;34.0;20.9;6388.0;15.0;;130;26.0;20.9;6388.0;15.0;;23.25;21.4
131;12.0;22.4;6784.0;16.0;;131;12.0;21.3;7180.0;17.0;;131;15.0;20.6;6388.0;15.0;;131;33.0;21.0;6784.0;16.0;;18.0;21.325
132;13.0;22.3;7180.0;17.0;;132;15.0;21.1;7180.0;17.0;;132;31.0;20.8;6784.0;16.0;;132;21.0;21.1;6784.0;16.0;;20.0;21.325000000000003
133;9.0;22.3;7180.0;17.0;;133;14.0;21.0;7180.0;17.0;;133;10.0;20.5;6784.0;16.0;;133;20.0;21.2;6784.0;16.0;;13.25;21.25
134;27.0;21.9;7180.0;17.0;;134;12.0;21.0;7180.0;17.0;;134;20.0;20.3;6784.0;16.0;;134;23.0;21.2;6784.0;16.0;;20.5;21.1
135;12.0;21.9;7180.0;17.0;;135;10.0;20.8;7180.0;17.0;;135;16.0;20.3;6784.0;16.0;;135;18.0;21.1;6784.0;16.0;;14.0;21.025
136;31.0;22.0;7180.0;17.0;;136;25.0;20.7;7180.0;17.0;;136;17.0;20.1;6784.0;16.0;;136;15.0;21.1;6784.0;16.0;;22.0;20.975
137;13.0;21.8;7180.0;17.0;;137;12.0;20.2;7180.0;17.0;;137;17.0;19.9;7180.0;17.0;;137;15.0;20.8;7180.0;17.0;;14.25;20.675
138;18.0;21.9;7576.0;18.0;;138;18.0;20.3;7576.0;18.0;;138;17.0;19.9;7180.0;17.0;;138;17.0;20.8;7180.0;17.0;;17.5;20.725
139;35.0;21.9;7576.0;18.0;;139;21.0;20.2;7576.0;18.0;;139;15.0;19.9;7180.0;17.0;;139;24.0;20.8;7180.0;17.0;;23.75;20.7
140;19.0;21.9;7576.0;18.0;;140;16.0;20.0;7576.0;18.0;;140;16.0;19.9;7180.0;17.0;;140;34.0;20.8;7180.0;17.0;;21.25;20.65
141;19.0;21.8;7576.0;18.0;;141;30.0;19.7;7576.0;18.0;;141;54.0;20.2;7576.0;18.0;;141;15.0;20.8;7576.0;18.0;;29.5;20.625
142;12.0;21.8;7972.0;19.0;;142;18.0;19.7;7576.0;18.0;;142;29.0;20.4;7576.0;18.0;;142;10.0;20.8;7576.0;18.0;;17.25;20.675
143;12.0;21.7;7972.0;19.0;;143;16.0;19.5;7972.0;19.0;;143;17.0;20.4;7576.0;18.0;;143;16.0;20.7;7576.0;18.0;;15.25;20.575
144;18.0;21.6;7972.0;19.0;;144;18.0;19.4;7972.0;19.0;;144;18.0;20.2;7576.0;18.0;;144;29.0;20.8;7576.0;18.0;;20.75;20.5
145;45.0;21.9;7972.0;19.0;;145;53.0;19.7;7972.0;19.0;;145;38.0;20.2;7972.0;19.0;;145;16.0;20.7;7576.0;18.0;;38.0;20.625
146;48.0;22.1;8368.0;20.0;;146;28.0;19.8;8368.0;20.0;;146;29.0;20.3;7972.0;19.0;;146;63.0;21.2;7972.0;19.0;;42.0;20.85
147;59.0;22.4;8368.0;20.0;;147;33.0;19.6;8368.0;20.0;;147;50.0;20.6;7972.0;19.0;;147;25.0;21.2;7972.0;19.0;;41.75;20.95
148;56.0;22.8;8764.0;21.0;;148;22.0;19.7;8368.0;20.0;;148;62.0;21.0;8368.0;20.0;;148;32.0;21.4;7972.0;19.0;;43.0;21.225
149;16.0;22.8;8764.0;21.0;;149;13.0;19.6;8368.0;20.0;;149;33.0;21.2;8368.0;20.0;;149;27.0;21.5;8368.0;20.0;;22.25;21.275
150;36.0;22.9;8764.0;21.0;;150;29.0;19.7;8764.0;21.0;;150;40.0;21.4;8764.0;21.0;;150;28.0;21.5;8368.0;20.0;;33.25;21.375
151;30.0;22.6;9160.0;22.0;;151;90.0;20.4;9160.0;22.0;;151;14.0;21.4;8764.0;21.0;;151;56.0;22.0;8764.0;21.0;;47.5;21.6
152;91.0;23.4;9556.0;23.0;;152;16.0;20.3;9160.0;22.0;;152;20.0;21.5;8764.0;21.0;;152;22.0;22.1;8764.0;21.0;;37.25;21.825
153;94.0;24.1;9952.0;24.0;;153;106.0;21.1;9556.0;23.0;;153;69.0;21.8;9160.0;22.0;;153;19.0;22.1;8764.0;21.0;;72.0;22.275000000000002
154;39.0;24.3;9952.0;24.0;;154;19.0;21.2;9556.0;23.0;;154;25.0;21.8;9160.0;22.0;;154;36.0;22.2;8764.0;21.0;;29.75;22.375
155;44.0;24.0;9952.0;24.0;;155;43.0;21.5;9556.0;23.0;;155;39.0;22.0;9160.0;22.0;;155;46.0;22.5;9160.0;22.0;;43.0;22.5
156;63.0;24.6;10348.0;25.0;;156;32.0;21.6;9952.0;24.0;;156;29.0;22.2;9556.0;23.0;;156;29.0;22.4;9160.0;22.0;;38.25;22.7
157;30.0;24.4;10348.0;25.0;;157;50.0;21.9;9952.0;24.0;;157;27.0;22.3;9556.0;23.0;;157;14.0;22.4;9160.0;22.0;;30.25;22.75
158;37.0;24.6;10744.0;26.0;;158;53.0;22.3;10348.0;25.0;;158;57.0;22.7;9952.0;24.0;;158;52.0;22.8;9556.0;23.0;;49.75;23.1
159;50.0;25.0;10744.0;26.0;;159;31.0;22.3;10348.0;25.0;;159;92.0;23.5;9952.0;24.0;;159;27.0;22.9;9556.0;23.0;;50.0;23.425
160;15.0;24.9;10744.0;26.0;;160;94.0;23.1;10744.0;26.0;;160;51.0;23.8;10348.0;25.0;;160;28.0;23.1;9556.0;23.0;;47.0;23.725
161;111.0;25.9;11536.0;28.0;;161;38.0;23.2;10744.0;26.0;;161;38.0;24.0;10348.0;25.0;;161;36.0;23.2;9952.0;24.0;;55.75;24.075
162;47.0;25.9;11536.0;28.0;;162;28.0;22.9;11140.0;27.0;;162;60.0;24.4;10744.0;26.0;;162;48.0;23.6;9952.0;24.0;;45.75;24.2
163;53.0;26.0;11932.0;29.0;;163;59.0;23.4;11140.0;27.0;;163;96.0;25.2;11140.0;27.0;;163;38.0;23.8;10348.0;25.0;;61.5;24.6
164;125.0;27.2;12328.0;30.0;;164;78.0;24.0;11536.0;28.0;;164;55.0;25.6;11536.0;28.0;;164;11.0;23.7;10348.0;25.0;;67.25;25.125
165;77.0;27.8;12724.0;31.0;;165;72.0;24.2;11932.0;29.0;;165;37.0;25.7;11536.0;28.0;;165;46.0;24.0;10348.0;25.0;;58.0;25.425
166;51.0;28.2;12724.0;31.0;;166;47.0;24.5;11932.0;29.0;;166;53.0;26.1;11536.0;28.0;;166;45.0;24.3;10744.0;26.0;;49.0;25.775
167;137.0;29.3;13120.0;32.0;;167;92.0;25.3;12328.0;30.0;;167;17.0;26.1;11932.0;29.0;;167;108.0;25.3;11140.0;27.0;;88.5;26.5
168;86.0;30.0;13516.0;33.0;;168;71.0;25.8;12724.0;31.0;;168;37.0;26.3;11932.0;29.0;;168;29.0;25.4;11140.0;27.0;;55.75;26.875
169;46.0;30.3;13912.0;34.0;;169;59.0;26.2;13120.0;32.0;;169;48.0;26.7;11932.0;29.0;;169;26.0;25.5;11140.0;27.0;;44.75;27.175
170;21.0;30.3;13912.0;34.0;;170;54.0;26.6;13120.0;32.0;;170;17.0;26.7;12328.0;30.0;;170;23.0;25.6;11536.0;28.0;;28.75;27.3
171;39.0;30.6;13912.0;34.0;;171;149.0;28.0;13912.0;34.0;;171;29.0;26.8;12328.0;30.0;;171;58.0;26.0;11536.0;28.0;;68.75;27.85
172;77.0;31.3;14308.0;35.0;;172;54.0;28.3;13912.0;34.0;;172;97.0;27.6;12724.0;31.0;;172;34.0;26.1;11536.0;28.0;;65.5;28.325000000000003
173;80.0;31.7;14704.0;36.0;;173;54.0;28.5;14308.0;35.0;;173;82.0;28.2;13120.0;32.0;;173;32.0;26.1;11932.0;29.0;;62.0;28.625
174;91.0;32.4;15100.0;37.0;;174;55.0;28.9;14308.0;35.0;;174;103.0;29.1;13516.0;33.0;;174;18.0;26.2;11932.0;29.0;;66.75;29.15
175;46.0;32.7;15100.0;37.0;;175;21.0;28.9;14308.0;35.0;;175;148.0;30.4;13912.0;34.0;;175;15.0;26.1;11932.0;29.0;;57.5;29.525
176;72.0;33.2;15492.0;38.0;;176;79.0;29.6;14704.0;36.0;;176;79.0;30.7;14308.0;35.0;;176;39.0;26.3;11932.0;29.0;;67.25;29.950000000000003
177;94.0;34.0;15884.0;39.0;;177;99.0;30.3;15100.0;37.0;;177;123.0;31.8;14704.0;36.0;;177;98.0;27.2;12328.0;30.0;;103.5;30.825
178;36.0;34.0;15884.0;39.0;;178;73.0;30.7;15492.0;38.0;;178;110.0;32.7;15100.0;37.0;;178;96.0;27.9;12724.0;31.0;;78.75;31.325
179;36.0;34.2;16276.0;40.0;;179;85.0;31.4;15884.0;39.0;;179;59.0;33.0;15492.0;38.0;;179;28.0;27.9;13120.0;32.0;;52.0;31.625
180;46.0;34.5;16276.0;40.0;;180;97.0;32.1;16276.0;40.0;;180;101.0;33.9;15884.0;39.0;;180;63.0;28.4;13120.0;32.0;;76.75;32.225
181;105.0;35.4;16668.0;41.0;;181;96.0;32.9;16668.0;41.0;;181;64.0;34.2;16276.0;40.0;;181;14.0;28.4;13516.0;33.0;;69.75;32.725
182;99.0;36.3;17060.0;42.0;;182;12.0;32.7;16668.0;41.0;;182;159.0;35.6;16668.0;41.0;;182;71.0;28.9;13516.0;33.0;;85.25;33.375
183;200.0;38.1;17844.0;44.0;;183;72.0;33.3;17060.0;42.0;;183;137.0;36.8;17452.0;43.0;;183;95.0;29.5;13912.0;34.0;;126.0;34.425
184;87.0;38.6;18236.0;45.0;;184;23.0;33.2;17060.0;42.0;;184;94.0;37.5;17844.0;44.0;;184;68.0;29.9;14308.0;35.0;;68.0;34.8
185;156.0;39.9;19020.0;47.0;;185;15.0;33.2;17060.0;42.0;;185;61.0;38.0;17844.0;44.0;;185;46.0;29.8;14308.0;35.0;;69.5;35.225
186;122.0;40.7;19412.0;48.0;;186;94.0;33.8;17452.0;43.0;;186;200.0;39.8;18628.0;46.0;;186;66.0;30.2;14704.0;36.0;;120.5;36.125
187;200.0;42.6;20196.0;50.0;;187;109.0;34.8;17844.0;44.0;;187;84.0;40.5;19020.0;47.0;;187;87.0;30.9;15100.0;37.0;;120.0;37.2
188;200.0;44.4;20980.0;52.0;;188;68.0;35.3;18236.0;45.0;;188;52.0;41.0;19412.0;48.0;;188;68.0;31.4;15492.0;38.0;;97.0;38.025
189;200.0;46.1;21764.0;54.0;;189;101.0;36.2;18628.0;46.0;;189;25.0;40.9;19412.0;48.0;;189;75.0;31.6;15492.0;38.0;;100.25;38.7
190;188.0;47.9;22548.0;56.0;;190;88.0;37.0;19020.0;47.0;;190;92.0;41.7;19804.0;49.0;;190;92.0;32.4;15884.0;39.0;;115.0;39.75
191;82.0;48.6;22940.0;57.0;;191;98.0;37.8;19412.0;48.0;;191;152.0;43.1;20196.0;50.0;;191;108.0;33.3;16276.0;40.0;;110.0;40.7
192;138.0;49.8;23332.0;58.0;;192;178.0;39.5;20196.0;50.0;;192;143.0;44.3;20980.0;52.0;;192;65.0;33.6;16668.0;41.0;;131.0;41.8
193;138.0;51.1;24116.0;60.0;;193;200.0;41.1;20980.0;52.0;;193;200.0;46.1;21764.0;54.0;;193;168.0;35.1;17452.0;43.0;;176.5;43.35
194;200.0;53.0;24900.0;62.0;;194;144.0;42.5;21372.0;53.0;;194;111.0;46.8;22156.0;55.0;;194;81.0;35.8;17844.0;44.0;;134.0;44.525
195;116.0;54.0;25288.0;63.0;;195;156.0;43.9;22156.0;55.0;;195;200.0;48.4;22940.0;57.0;;195;146.0;36.9;18236.0;45.0;;154.5;45.8
196;143.0;55.2;26064.0;65.0;;196;148.0;45.2;22548.0;56.0;;196;131.0;49.7;23332.0;58.0;;196;200.0;38.7;19020.0;47.0;;155.5;47.2
197;115.0;56.0;26452.0;66.0;;197;106.0;46.0;22940.0;57.0;;197;97.0;50.2;23920.0;59.0;;197;127.0;39.9;19412.0;48.0;;111.25;48.025
198;187.0;57.8;27228.0;68.0;;198;29.0;46.2;23332.0;58.0;;198;120.0;51.3;24508.0;61.0;;198;117.0;40.8;20196.0;50.0;;113.25;49.025
199;125.0;58.9;27616.0;69.0;;199;87.0;47.0;23332.0;58.0;;199;95.0;52.1;24900.0;62.0;;199;77.0;41.3;20196.0;50.0;;96.0;49.825
200;134.0;60.2;28004.0;70.0;;200;11.0;46.9;23724.0;59.0;;200;67.0;52.5;24900.0;62.0;;200;84.0;42.0;20588.0;51.0;;74.0;50.4
201;174.0;61.6;28780.0;72.0;;201;100.0;47.8;24116.0;60.0;;201;150.0;53.7;25676.0;64.0;;201;104.0;43.0;20980.0;52.0;;132.0;51.525
202;145.0;62.8;29556.0;74.0;;202;159.0;49.2;24508.0;61.0;;202;167.0;55.2;26452.0;66.0;;202;125.0;43.7;21764.0;54.0;;149.0;52.725
203;122.0;63.7;29944.0;75.0;;203;119.0;50.3;24900.0;62.0;;203;200.0;57.1;27228.0;68.0;;203;107.0;44.6;22156.0;55.0;;137.0;53.925
204;128.0;64.9;30332.0;76.0;;204;128.0;51.2;25676.0;64.0;;204;180.0;58.8;28004.0;70.0;;204;82.0;45.1;22548.0;56.0;;129.5;55.0
205;200.0;66.5;31108.0;78.0;;205;146.0;52.5;26064.0;65.0;;205;107.0;59.7;28392.0;71.0;;205;104.0;45.9;22940.0;57.0;;139.25;56.15
206;104.0;67.4;31496.0;79.0;;206;200.0;54.4;26840.0;67.0;;206;141.0;60.9;28780.0;72.0;;206;200.0;47.8;23724.0;59.0;;161.25;57.625
207;147.0;68.7;32272.0;81.0;;207;120.0;55.4;27616.0;69.0;;207;137.0;62.1;29556.0;74.0;;207;111.0;48.8;24116.0;60.0;;128.75;58.75
208;200.0;70.5;33048.0;83.0;;208;128.0;56.5;28004.0;70.0;;208;95.0;62.9;29944.0;75.0;;208;92.0;49.4;24508.0;61.0;;128.75;59.825
209;109.0;71.2;33436.0;84.0;;209;137.0;57.4;28392.0;71.0;;209;123.0;64.1;30332.0;76.0;;209;162.0;50.9;24900.0;62.0;;132.75;60.9
210;139.0;72.5;33824.0;85.0;;210;144.0;58.7;29168.0;73.0;;210;102.0;64.9;30720.0;77.0;;210;80.0;51.5;25288.0;63.0;;116.25;61.900000000000006
211;181.0;74.2;34600.0;87.0;;211;89.0;59.5;29556.0;74.0;;211;124.0;66.0;31108.0;78.0;;211;93.0;52.3;25676.0;64.0;;121.75;63.0
212;124.0;75.2;35368.0;89.0;;212;145.0;60.7;29944.0;75.0;;212;148.0;67.2;31884.0;80.0;;212;104.0;53.2;26064.0;65.0;;130.25;64.075
213;200.0;76.5;36136.0;91.0;;213;160.0;62.2;30720.0;77.0;;213;195.0;68.9;32660.0;82.0;;213;142.0;54.5;26840.0;67.0;;174.25;65.525
214;130.0;77.7;36520.0;92.0;;214;119.0;63.1;31108.0;78.0;;214;129.0;70.0;33048.0;83.0;;214;104.0;55.4;27228.0;68.0;;120.5;66.55
215;149.0;79.1;37288.0;94.0;;215;136.0;64.3;31496.0;79.0;;215;114.0;71.0;33436.0;84.0;;215;115.0;56.4;27616.0;69.0;;128.5;67.7
216;185.0;80.8;38056.0;96.0;;216;130.0;65.5;32272.0;81.0;;216;118.0;72.0;33824.0;85.0;;216;129.0;57.6;28004.0;70.0;;140.5;68.975
217;200.0;82.6;38824.0;98.0;;217;145.0;66.8;32660.0;82.0;;217;176.0;73.6;34600.0;87.0;;217;131.0;58.8;28780.0;72.0;;163.0;70.44999999999999
218;131.0;83.6;39208.0;99.0;;218;107.0;67.7;33048.0;83.0;;218;195.0;75.2;35368.0;89.0;;218;112.0;59.6;29168.0;73.0;;136.25;71.525
219;148.0;84.6;39976.0;101.0;;219;138.0;68.8;33824.0;85.0;;219;185.0;76.9;36136.0;91.0;;219;121.0;60.3;29556.0;74.0;;148.0;72.65
220;166.0;86.0;40360.0;102.0;;220;131.0;70.0;34212.0;86.0;;220;139.0;77.9;36904.0;93.0;;220;117.0;61.4;29944.0;75.0;;138.25;73.825
221;149.0;87.2;41128.0;104.0;;221;148.0;71.4;34984.0;88.0;;221;133.0;79.0;37288.0;94.0;;221;145.0;62.5;30720.0;77.0;;143.75;75.025
222;164.0;88.7;41896.0;106.0;;222;159.0;72.8;35368.0;89.0;;222;164.0;80.2;38056.0;96.0;;222;126.0;63.7;31108.0;78.0;;153.25;76.35
223;142.0;90.0;42280.0;107.0;;223;177.0;74.4;36136.0;91.0;;223;153.0;81.6;38440.0;97.0;;223;129.0;64.8;31496.0;79.0;;150.25;77.7
224;200.0;91.8;43048.0;109.0;;224;186.0;76.0;36904.0;93.0;;224;127.0;82.8;39208.0;99.0;;224;112.0;65.7;31884.0;80.0;;156.25;79.075
225;200.0;93.6;43816.0;111.0;;225;126.0;77.1;37288.0;94.0;;225;174.0;84.4;39592.0;100.0;;225;110.0;66.3;32660.0;82.0;;152.5;80.35
226;158.0;95.0;44580.0;113.0;;226;153.0;78.4;38056.0;96.0;;226;155.0;85.6;40360.0;102.0;;226;148.0;67.6;33048.0;83.0;;153.5;81.65
227;160.0;96.3;45340.0;115.0;;227;152.0;79.8;38824.0;98.0;;227;160.0;87.0;41128.0;104.0;;227;156.0;68.7;33824.0;85.0;;157.0;82.95
228;140.0;97.4;45720.0;116.0;;228;138.0;81.0;39208.0;99.0;;228;168.0;88.5;41512.0;105.0;;228;125.0;69.8;34212.0;86.0;;142.75;84.175
229;163.0;98.8;46480.0;118.0;;229;171.0;82.6;39976.0;101.0;;229;150.0;89.8;42280.0;107.0;;229;133.0;71.0;34600.0;87.0;;154.25;85.55
230;128.0;100.0;46860.0;119.0;;230;129.0;83.7;40360.0;102.0;;230;145.0;90.9;43048.0;109.0;;230;149.0;72.2;35368.0;89.0;;137.75;86.7
231;135.0;101.2;47240.0;120.0;;231;135.0;84.9;41128.0;104.0;;231;156.0;92.4;43432.0;110.0;;231;176.0;73.7;36136.0;91.0;;150.5;88.05000000000001
232;151.0;102.6;48000.0;122.0;;232;173.0;86.5;41512.0;105.0;;232;153.0;93.6;44200.0;112.0;;232;168.0;75.1;36904.0;93.0;;161.25;89.44999999999999
233;136.0;103.8;48760.0;124.0;;233;145.0;87.8;42280.0;107.0;;233;147.0;94.9;44580.0;113.0;;233;200.0;76.9;37672.0;95.0;;157.0;90.85
234;142.0;105.0;49140.0;125.0;;234;175.0;89.4;43048.0;109.0;;234;164.0;96.4;45340.0;115.0;;234;161.0;78.3;38056.0;96.0;;160.5;92.275
235;156.0;106.4;49900.0;127.0;;235;141.0;90.7;43432.0;110.0;;235;187.0;98.1;46100.0;117.0;;235;200.0;80.1;38824.0;98.0;;171.0;93.825
236;189.0;108.0;50660.0;129.0;;236;156.0;92.0;44200.0;112.0;;236;148.0;99.4;46860.0;119.0;;236;134.0;81.3;39592.0;100.0;;156.75;95.175
237;162.0;109.5;51040.0;130.0;;237;162.0;93.6;44960.0;114.0;;237;137.0;100.6;47240.0;120.0;;237;118.0;82.4;39976.0;101.0;;144.75;96.525
238;129.0;110.6;51800.0;132.0;;238;166.0;95.0;45340.0;115.0;;238;179.0;102.2;48000.0;122.0;;238;140.0;83.6;40360.0;102.0;;153.5;97.85
239;172.0;112.0;52560.0;134.0;;239;171.0;96.5;46100.0;117.0;;239;175.0;103.8;48760.0;124.0;;239;187.0;85.2;41128.0;104.0;;176.25;99.375
240;178.0;113.6;52940.0;135.0;;240;156.0;97.9;46860.0;119.0;;240;156.0;105.2;49140.0;125.0;;240;154.0;86.4;41896.0;106.0;;161.0;100.775
241;154.0;114.9;53700.0;137.0;;241;150.0;99.1;47240.0;120.0;;241;143.0;106.1;49900.0;127.0;;241;150.0;87.8;42664.0;108.0;;149.25;101.975
242;173.0;116.5;54452.0;139.0;;242;200.0;101.0;48000.0;122.0;;242;200.0;107.8;50660.0;129.0;;242;134.0;89.0;43048.0;109.0;;176.75;103.575
243;147.0;117.9;54828.0;140.0;;243;138.0;102.2;48760.0;124.0;;243;160.0;109.2;51420.0;131.0;;243;150.0;90.4;43816.0;111.0;;148.75;104.92500000000001
244;157.0;119.3;55580.0;142.0;;244;143.0;103.4;49140.0;125.0;;244;173.0;110.8;51800.0;132.0;;244;170.0;91.8;44200.0;112.0;;160.75;106.325
245;169.0;120.5;56332.0;144.0;;245;136.0;104.2;49900.0;127.0;;245;200.0;112.4;52940.0;135.0;;245;168.0;93.3;44960.0;114.0;;168.25;107.6
246;161.0;121.6;57084.0;146.0;;246;147.0;105.4;50280.0;128.0;;246;144.0;113.6;53320.0;136.0;;246;147.0;94.1;45720.0;116.0;;149.75;108.675
247;140.0;122.4;57460.0;147.0;;247;131.0;106.4;51040.0;130.0;;247;178.0;114.8;54076.0;138.0;;247;146.0;95.3;46100.0;117.0;;148.75;109.725
248;154.0;123.4;58212.0;149.0;;248;154.0;107.7;51420.0;131.0;;248;169.0;115.9;54828.0;140.0;;248;144.0;96.4;46860.0;119.0;;155.25;110.85000000000001
249;174.0;125.0;58964.0;151.0;;249;189.0;109.5;52180.0;133.0;;249;176.0;117.4;55580.0;142.0;;249;163.0;97.8;47240.0;120.0;;175.5;112.425
250;167.0;126.3;59340.0;152.0;;250;150.0;110.7;52940.0;135.0;;250;142.0;118.4;55956.0;143.0;;250;169.0;99.2;48000.0;122.0;;157.0;113.65
251;200.0;128.0;60092.0;154.0;;251;144.0;111.2;53320.0;136.0;;251;174.0;120.0;56708.0;145.0;;251;149.0;100.2;48760.0;124.0;;166.75;114.85
252;200.0;129.1;61220.0;157.0;;252;200.0;113.1;54452.0;139.0;;252;200.0;121.8;57460.0;147.0;;252;166.0;101.6;49520.0;126.0;;191.5;116.39999999999999
253;200.0;130.2;61972.0;159.0;;253;144.0;113.5;54828.0;140.0;;253;200.0;123.1;58212.0;149.0;;253;155.0;103.0;49900.0;127.0;;174.75;117.44999999999999
254;169.0;131.5;62724.0;161.0;;254;162.0;114.9;55580.0;142.0;;254;200.0;124.8;58964.0;151.0;;254;200.0;104.6;50660.0;129.0;;182.75;118.95
255;149.0;132.5;63100.0;162.0;;255;184.0;116.3;56332.0;144.0;;255;164.0;126.1;59716.0;153.0;;255;183.0;106.0;51420.0;131.0;;170.0;120.225
256;151.0;133.4;63844.0;164.0;;256;163.0;117.6;56708.0;145.0;;256;200.0;127.8;60468.0;155.0;;256;160.0;107.3;52180.0;133.0;;168.5;121.525
257;200.0;135.1;64588.0;166.0;;257;162.0;118.7;57460.0;147.0;;257;200.0;129.5;61220.0;157.0;;257;171.0;108.8;52940.0;135.0;;183.25;123.025
258;183.0;136.6;65332.0;168.0;;258;172.0;119.9;58212.0;149.0;;258;180.0;130.8;61972.0;159.0;;258;154.0;109.9;53320.0;136.0;;172.25;124.30000000000001
259;157.0;137.6;66076.0;170.0;;259;178.0;121.4;58964.0;151.0;;259;200.0;131.8;62724.0;161.0;;259;129.0;110.9;54076.0;138.0;;166.0;125.42500000000001
260;153.0;139.0;66448.0;171.0;;260;168.0;122.1;59716.0;153.0;;260;140.0;132.7;63472.0;163.0;;260;144.0;112.0;54452.0;139.0;;151.25;126.44999999999999
261;187.0;139.8;67192.0;173.0;;261;152.0;123.3;60092.0;154.0;;261;189.0;134.2;64216.0;165.0;;261;200.0;113.7;55204.0;141.0;;182.0;127.75
262;200.0;141.3;67936.0;175.0;;262;190.0;124.9;60844.0;156.0;;262;148.0;135.1;64960.0;167.0;;262;142.0;114.6;55956.0;143.0;;170.0;128.975
263;200.0;142.8;69052.0;178.0;;263;142.0;125.7;61596.0;158.0;;263;159.0;135.7;65332.0;168.0;;263;129.0;115.5;56332.0;144.0;;157.5;129.925
264;200.0;143.5;69796.0;180.0;;264;141.0;126.4;61972.0;159.0;;264;155.0;136.7;66076.0;170.0;;264;147.0;116.9;57084.0;146.0;;160.75;130.875
265;156.0;144.3;70168.0;181.0;;265;164.0;127.3;62724.0;161.0;;265;169.0;138.1;66820.0;172.0;;265;151.0;117.9;57460.0;147.0;;160.0;131.9
266;194.0;145.7;70912.0;183.0;;266;141.0;128.2;63472.0;163.0;;266;200.0;139.5;67564.0;174.0;;266;127.0;118.8;58212.0;149.0;;165.5;133.04999999999998
267;200.0;146.4;72028.0;186.0;;267;173.0;129.0;63844.0;164.0;;267;200.0;141.4;68308.0;176.0;;267;186.0;119.5;58964.0;151.0;;189.75;134.075
268;200.0;147.5;72768.0;188.0;;268;200.0;130.3;64960.0;167.0;;268;200.0;143.0;69052.0;178.0;;268;180.0;121.0;59716.0;153.0;;195.0;135.45
269;168.0;148.7;73504.0;190.0;;269;157.0;131.3;65332.0;168.0;;269;200.0;144.5;69796.0;180.0;;269;150.0;122.3;60092.0;154.0;;168.75;136.7
270;200.0;150.5;74240.0;192.0;;270;192.0;132.7;66076.0;170.0;;270;172.0;146.1;70540.0;182.0;;270;160.0;123.7;60844.0;156.0;;181.0;138.25
271;200.0;152.1;74976.0;194.0;;271;139.0;132.6;66820.0;172.0;;271;185.0;147.6;71284.0;184.0;;271;176.0;124.8;61596.0;158.0;;175.0;139.275
272;200.0;153.4;75712.0;196.0;;272;152.0;133.6;67564.0;174.0;;272;199.0;148.6;72028.0;186.0;;272;200.0;126.5;62348.0;160.0;;187.75;140.525
273;200.0;154.6;76448.0;198.0;;273;185.0;134.9;68308.0;176.0;;273;200.0;149.8;73136.0;189.0;;273;200.0;128.2;63100.0;162.0;;196.25;141.875
274;171.0;155.4;77184.0;200.0;;274;158.0;135.9;68680.0;177.0;;274;177.0;150.6;73504.0;190.0;;274;157.0;129.6;63844.0;164.0;;165.75;142.875
275;157.0;156.5;77920.0;202.0;;275;141.0;137.1;69424.0;179.0;;275;186.0;150.9;74240.0;192.0;;275;200.0;131.4;64588.0;166.0;;171.0;143.975
276;200.0;157.7;78656.0;204.0;;276;200.0;138.3;70168.0;181.0;;276;200.0;152.2;75344.0;195.0;;276;187.0;132.9;65332.0;168.0;;196.75;145.275
277;200.0;158.8;79392.0;206.0;;277;153.0;138.8;70912.0;183.0;;277;165.0;152.6;75712.0;196.0;;277;200.0;133.9;66076.0;170.0;;179.5;146.025
278;200.0;160.4;80128.0;208.0;;278;200.0;140.1;71656.0;185.0;;278;200.0;153.5;76816.0;199.0;;278;200.0;135.0;66820.0;172.0;;200.0;147.25
279;200.0;162.1;81232.0;211.0;;279;200.0;141.3;72400.0;187.0;;279;200.0;154.9;77552.0;201.0;;279;182.0;136.5;67564.0;174.0;;195.5;148.7
280;200.0;163.6;81964.0;213.0;;280;150.0;141.8;72768.0;188.0;;280;200.0;155.9;78288.0;203.0;;280;200.0;137.9;68308.0;176.0;;187.5;149.8
281;200.0;164.6;82692.0;215.0;;281;200.0;142.8;73872.0;191.0;;281;200.0;157.2;79024.0;205.0;;281;200.0;139.7;69052.0;178.0;;200.0;151.075
282;200.0;165.6;83420.0;217.0;;282;166.0;144.4;74240.0;192.0;;282;200.0;157.6;79760.0;207.0;;282;168.0;140.7;69796.0;180.0;;183.5;152.075
283;200.0;165.6;84148.0;219.0;;283;200.0;145.7;75344.0;195.0;;283;200.0;158.3;80496.0;209.0;;283;184.0;141.6;70540.0;182.0;;196.0;152.8
284;199.0;166.7;84876.0;221.0;;284;195.0;147.4;76080.0;197.0;;284;200.0;159.3;81600.0;212.0;;284;200.0;142.9;71284.0;184.0;;198.5;154.075
285;200.0;167.1;85968.0;224.0;;285;200.0;149.2;76816.0;199.0;;285;200.0;160.7;82328.0;214.0;;285;169.0;144.1;72028.0;186.0;;192.25;155.27499999999998
286;200.0;167.9;86696.0;226.0;;286;200.0;150.3;77552.0;201.0;;286;200.0;160.7;83056.0;216.0;;286;171.0;145.2;72768.0;188.0;;192.75;156.025
287;177.0;167.7;87424.0;228.0;;287;176.0;151.0;78288.0;203.0;;287;200.0;161.9;83784.0;218.0;;287;177.0;146.1;73504.0;190.0;;182.5;156.675
288;200.0;167.7;88152.0;230.0;;288;200.0;152.3;79024.0;205.0;;288;200.0;163.4;84512.0;220.0;;288;200.0;147.4;74240.0;192.0;;200.0;157.7
289;200.0;167.7;88880.0;232.0;;289;200.0;153.3;79760.0;207.0;;289;200.0;165.1;85604.0;223.0;;289;200.0;148.7;74976.0;194.0;;200.0;158.7
290;200.0;167.8;89608.0;234.0;;290;200.0;154.4;80864.0;210.0;;290;200.0;166.2;86332.0;225.0;;290;200.0;149.7;76080.0;197.0;;200.0;159.525
291;200.0;169.0;90700.0;237.0;;291;200.0;155.4;81600.0;212.0;;291;200.0;166.7;87060.0;227.0;;291;200.0;150.7;76816.0;199.0;;200.0;160.45
292;200.0;169.6;91420.0;239.0;;292;200.0;155.6;82328.0;214.0;;292;200.0;167.2;87788.0;229.0;;292;200.0;152.0;77552.0;201.0;;200.0;161.1
293;200.0;170.2;92140.0;241.0;;293;200.0;155.6;83056.0;216.0;;293;191.0;167.2;88516.0;231.0;;293;183.0;152.2;78288.0;203.0;;193.5;161.29999999999998
294;200.0;170.2;92860.0;243.0;;294;200.0;156.2;83784.0;218.0;;294;200.0;168.0;89608.0;234.0;;294;200.0;153.4;79024.0;205.0;;200.0;161.95
295;200.0;171.1;93940.0;246.0;;295;200.0;156.6;84512.0;220.0;;295;200.0;168.0;90336.0;236.0;;295;200.0;153.9;79760.0;207.0;;200.0;162.4
296;200.0;171.6;94660.0;248.0;;296;200.0;157.2;85604.0;223.0;;296;200.0;168.7;91060.0;238.0;;296;200.0;153.9;80496.0;209.0;;200.0;162.85
297;200.0;172.5;95380.0;250.0;;297;157.0;157.7;85968.0;224.0;;297;200.0;169.8;91780.0;240.0;;297;200.0;154.6;81600.0;212.0;;189.25;163.65
298;200.0;172.6;96100.0;252.0;;298;200.0;159.4;87060.0;227.0;;298;200.0;170.6;92500.0;242.0;;298;200.0;155.4;82328.0;214.0;;200.0;164.5
299;200.0;173.4;96820.0;254.0;;299;200.0;160.5;87788.0;229.0;;299;200.0;171.6;93580.0;245.0;;299;200.0;156.7;83056.0;216.0;;200.0;165.55
300;200.0;174.0;97900.0;257.0;;300;200.0;162.4;88516.0;231.0;;300;200.0;172.9;94300.0;247.0;;300;200.0;157.8;83784.0;218.0;;200.0;166.775
301;200.0;174.3;98620.0;259.0;;301;185.0;163.2;89244.0;233.0;;301;200.0;173.4;95020.0;249.0;;301;200.0;158.8;84512.0;220.0;;196.25;167.425
302;200.0;174.8;99340.0;261.0;;302;200.0;163.6;89972.0;235.0;;302;200.0;173.8;95740.0;251.0;;302;200.0;159.6;85604.0;223.0;;200.0;167.95
303;197.0;175.6;100056.0;263.0;;303;200.0;164.5;90700.0;237.0;;303;200.0;173.8;96460.0;253.0;;303;200.0;160.5;86332.0;225.0;;199.25;168.6
304;200.0;176.3;101124.0;266.0;;304;200.0;165.2;91780.0;240.0;;304;200.0;174.0;97540.0;256.0;;304;200.0;161.7;87060.0;227.0;;200.0;169.3
305;200.0;176.3;101836.0;268.0;;305;200.0;165.7;92500.0;242.0;;305;199.0;174.9;98260.0;258.0;;305;200.0;162.6;87788.0;229.0;;199.75;169.875
306;200.0;177.3;102548.0;270.0;;306;200.0;165.7;93220.0;244.0;;306;173.0;175.2;98980.0;260.0;;306;200.0;162.6;88516.0;231.0;;193.25;170.2
307;200.0;177.8;103260.0;272.0;;307;200.0;166.5;93940.0;246.0;;307;180.0;175.6;99700.0;262.0;;307;200.0;163.5;89608.0;234.0;;195.0;170.85
308;200.0;177.8;104328.0;275.0;;308;200.0;167.2;95020.0;249.0;;308;200.0;176.7;100412.0;264.0;;308;200.0;164.6;90336.0;236.0;;200.0;171.575
309;173.0;178.4;104684.0;276.0;;309;200.0;167.9;95740.0;251.0;;309;199.0;177.4;101124.0;266.0;;309;200.0;165.0;91060.0;238.0;;193.0;172.175
310;200.0;179.0;105752.0;279.0;;310;182.0;168.2;96460.0;253.0;;310;200.0;178.4;102192.0;269.0;;310;200.0;166.2;91780.0;240.0;;195.5;172.95
311;200.0;179.2;106464.0;281.0;;311;200.0;169.4;97180.0;255.0;;311;190.0;179.1;102904.0;271.0;;311;200.0;167.2;92500.0;242.0;;197.5;173.725
312;200.0;180.0;107176.0;283.0;;312;200.0;169.9;97900.0;257.0;;312;200.0;179.6;103616.0;273.0;;312;200.0;168.2;93580.0;245.0;;200.0;174.425
313;200.0;180.0;107888.0;285.0;;313;200.0;170.3;98620.0;259.0;;313;200.0;179.7;104328.0;275.0;;313;200.0;168.8;94300.0;247.0;;200.0;174.7
314;200.0;180.7;108952.0;288.0;;314;200.0;171.1;99700.0;262.0;;314;200.0;180.4;105040.0;277.0;;314;200.0;169.7;95020.0;249.0;;200.0;175.475
315;200.0;181.2;109656.0;290.0;;315;200.0;171.8;100412.0;264.0;;315;200.0;181.2;106108.0;280.0;;315;200.0;170.6;95740.0;251.0;;200.0;176.2
316;200.0;181.4;110360.0;292.0;;316;198.0;172.4;101124.0;266.0;;316;200.0;182.0;106820.0;282.0;;316;200.0;171.3;96640.0;253.0;;199.5;176.775
317;200.0;181.4;111416.0;295.0;;317;200.0;173.0;101836.0;268.0;;317;200.0;182.3;107532.0;284.0;;317;200.0;172.0;97540.0;256.0;;200.0;177.175
318;200.0;182.0;112120.0;297.0;;318;200.0;173.9;102904.0;271.0;;318;200.0;182.3;108244.0;286.0;;318;196.0;172.8;98260.0;258.0;;199.0;177.75
319;200.0;182.6;112824.0;299.0;;319;200.0;174.5;103616.0;273.0;;319;200.0;182.5;109304.0;289.0;;319;200.0;173.6;98980.0;260.0;;200.0;178.3
320;162.0;182.5;113528.0;301.0;;320;200.0;175.2;104328.0;275.0;;320;185.0;183.0;110008.0;291.0;;320;200.0;174.4;99700.0;262.0;;186.75;178.775
321;200.0;183.0;114232.0;303.0;;321;200.0;175.8;105040.0;277.0;;321;200.0;183.6;110712.0;293.0;;321;200.0;175.0;100768.0;265.0;;200.0;179.35
322;200.0;183.4;114936.0;305.0;;322;200.0;176.2;106108.0;280.0;;322;200.0;184.0;111416.0;295.0;;322;182.0;175.6;101480.0;267.0;;195.5;179.8
323;200.0;184.0;115992.0;308.0;;323;200.0;176.4;106820.0;282.0;;323;200.0;184.4;112472.0;298.0;;323;200.0;176.3;102192.0;269.0;;200.0;180.275
324;200.0;184.0;116696.0;310.0;;324;200.0;176.5;107532.0;284.0;;324;200.0;185.2;113176.0;300.0;;324;200.0;177.2;102904.0;271.0;;200.0;180.725
325;196.0;183.9;117400.0;312.0;;325;200.0;177.3;108244.0;286.0;;325;200.0;185.4;113880.0;302.0;;325;200.0;178.0;103616.0;273.0;;199.0;181.15
326;181.0;184.2;118096.0;314.0;;326;200.0;177.7;109304.0;289.0;;326;200.0;185.9;114584.0;304.0;;326;200.0;178.6;104684.0;276.0;;195.25;181.6
327;200.0;184.6;119053.0;317.0;;327;200.0;178.2;110008.0;291.0;;327;200.0;186.3;115640.0;307.0;;327;200.0;179.0;105396.0;278.0;;200.0;182.025
328;200.0;185.2;119749.0;319.0;;328;200.0;178.8;110712.0;293.0;;328;200.0;186.6;116344.0;309.0;;328;200.0;179.8;106108.0;280.0;;200.0;182.6
329;200.0;185.5;120445.0;321.0;;329;200.0;179.1;111416.0;295.0;;329;200.0;187.1;117048.0;311.0;;329;186.0;180.3;106820.0;282.0;;196.5;183.0
330;200.0;186.3;121489.0;324.0;;330;200.0;179.8;112472.0;298.0;;330;200.0;187.7;118096.0;314.0;;330;200.0;180.8;107532.0;284.0;;200.0;183.65
331;200.0;186.9;122185.0;326.0;;331;200.0;180.5;113176.0;300.0;;331;200.0;188.1;118792.0;316.0;;331;200.0;181.0;108600.0;287.0;;200.0;184.125
332;200.0;187.4;122881.0;328.0;;332;200.0;180.8;113880.0;302.0;;332;200.0;188.6;119401.0;318.0;;332;200.0;181.4;109304.0;289.0;;200.0;184.55
333;200.0;188.0;123577.0;330.0;;333;200.0;181.3;114936.0;305.0;;333;200.0;189.1;120097.0;320.0;;333;200.0;181.4;110008.0;291.0;;200.0;184.95
334;200.0;188.6;124621.0;333.0;;334;200.0;181.6;115640.0;307.0;;334;200.0;189.5;121141.0;323.0;;334;200.0;181.8;111064.0;294.0;;200.0;185.375
335;200.0;189.1;125317.0;335.0;;335;200.0;182.2;116344.0;309.0;;335;200.0;189.6;121837.0;325.0;;335;200.0;181.8;111768.0;296.0;;200.0;185.675
336;176.0;188.9;126013.0;337.0;;336;200.0;182.6;117048.0;311.0;;336;200.0;190.1;122533.0;327.0;;336;200.0;182.4;112472.0;298.0;;194.0;186.0
337;200.0;189.3;126701.0;339.0;;337;200.0;183.0;118096.0;314.0;;337;200.0;190.7;123577.0;330.0;;337;193.0;183.2;113176.0;300.0;;198.25;186.55
338;200.0;190.0;127733.0;342.0;;338;200.0;183.3;118792.0;316.0;;338;200.0;191.0;124273.0;332.0;;338;186.0;183.6;113880.0;302.0;;196.5;186.975
339;200.0;190.3;128421.0;344.0;;339;200.0;183.6;119401.0;318.0;;339;198.0;191.2;124969.0;334.0;;339;200.0;183.8;114936.0;305.0;;199.5;187.225
340;200.0;190.5;129109.0;346.0;;340;200.0;184.0;120445.0;321.0;;340;200.0;191.6;126013.0;337.0;;340;200.0;184.2;115640.0;307.0;;200.0;187.575
341;200.0;191.0;130141.0;349.0;;341;154.0;184.1;120793.0;322.0;;341;200.0;192.2;126701.0;339.0;;341;200.0;184.7;116344.0;309.0;;188.5;188.0
342;200.0;191.2;130829.0;351.0;;342;200.0;184.1;121837.0;325.0;;342;200.0;192.2;127389.0;341.0;;342;200.0;185.4;117048.0;311.0;;200.0;188.225
343;194.0;191.7;131517.0;353.0;;343;200.0;184.7;122533.0;327.0;;343;192.0;192.5;128077.0;343.0;;343;200.0;185.9;118096.0;314.0;;196.5;188.7
344;200.0;192.2;132549.0;356.0;;344;200.0;185.3;123229.0;329.0;;344;200.0;192.8;129109.0;346.0;;344;200.0;186.2;118792.0;316.0;;200.0;189.125
345;200.0;192.5;133237.0;358.0;;345;200.0;185.9;124273.0;332.0;;345;200.0;192.8;129797.0;348.0;;345;200.0;186.5;119401.0;318.0;;200.0;189.425
346;200.0;192.8;133925.0;360.0;;346;200.0;186.4;124969.0;334.0;;346;200.0;193.3;130485.0;350.0;;346;200.0;187.0;120445.0;321.0;;200.0;189.875
347;200.0;193.4;134953.0;363.0;;347;200.0;187.1;125665.0;336.0;;347;200.0;193.6;131517.0;353.0;;347;200.0;187.6;121141.0;323.0;;200.0;190.425
348;200.0;193.9;135633.0;365.0;;348;200.0;187.6;126357.0;338.0;;348;198.0;193.8;132205.0;355.0;;348;200.0;188.1;121837.0;325.0;;199.5;190.85
349;200.0;194.2;136313.0;367.0;;349;200.0;187.7;127389.0;341.0;;349;200.0;194.1;132893.0;357.0;;349;200.0;188.5;122881.0;328.0;;200.0;191.125
350;200.0;194.5;137333.0;370.0;;350;200.0;188.2;128077.0;343.0;;350;200.0;194.7;133925.0;360.0;;350;200.0;188.8;123577.0;330.0;;200.0;191.55
351;200.0;194.5;138013.0;372.0;;351;200.0;188.8;128765.0;345.0;;351;200.0;194.9;134613.0;362.0;;351;200.0;189.3;124273.0;332.0;;200.0;191.875
352;200.0;194.5;138693.0;374.0;;352;200.0;188.8;129797.0;348.0;;352;200.0;194.9;135293.0;364.0;;352;200.0;189.6;124969.0;334.0;;200.0;191.95
353;179.0;194.3;139373.0;376.0;;353;200.0;189.3;130485.0;350.0;;353;200.0;194.9;136313.0;367.0;;353;200.0;190.1;126013.0;337.0;;194.75;192.15
354;200.0;194.6;140393.0;379.0;;354;200.0;189.7;131173.0;352.0;;354;200.0;194.9;136993.0;369.0;;354;200.0;190.1;126701.0;339.0;;200.0;192.325
355;200.0;195.1;141073.0;381.0;;355;200.0;189.9;132205.0;355.0;;355;200.0;195.3;137673.0;371.0;;355;200.0;190.3;127389.0;341.0;;200.0;192.65
356;200.0;195.6;141753.0;383.0;;356;200.0;190.2;132893.0;357.0;;356;200.0;195.3;138693.0;374.0;;356;200.0;190.7;128421.0;344.0;;200.0;192.95
357;200.0;195.6;142773.0;386.0;;357;200.0;190.6;133581.0;359.0;;357;186.0;195.2;139373.0;376.0;;357;200.0;191.0;129109.0;346.0;;196.5;193.1
358;200.0;195.8;143449.0;388.0;;358;200.0;190.9;134613.0;362.0;;358;200.0;195.4;140053.0;378.0;;358;195.0;191.4;129797.0;348.0;;198.75;193.375
359;200.0;196.2;144457.0;391.0;;359;200.0;191.1;135293.0;364.0;;359;200.0;195.4;141073.0;381.0;;359;191.0;192.0;130829.0;351.0;;197.75;193.675
360;200.0;196.7;145129.0;393.0;;360;200.0;191.4;135973.0;366.0;;360;200.0;196.0;141753.0;383.0;;360;200.0;192.6;131517.0;353.0;;200.0;194.175
361;200.0;196.8;145801.0;395.0;;361;200.0;191.9;136993.0;369.0;;361;200.0;196.1;142433.0;385.0;;361;200.0;192.6;132205.0;355.0;;200.0;194.35
362;200.0;196.8;146809.0;398.0;;362;200.0;192.0;137673.0;371.0;;362;200.0;196.6;143449.0;388.0;;362;200.0;193.1;133237.0;358.0;;200.0;194.625
363;200.0;196.8;147481.0;400.0;;363;200.0;192.6;138353.0;373.0;;363;200.0;197.0;144121.0;390.0;;363;180.0;193.6;133925.0;360.0;;195.0;195.0
364;200.0;196.8;148489.0;403.0;;364;200.0;193.2;139373.0;376.0;;364;200.0;197.4;144877.0;392.0;;364;200.0;194.2;134613.0;362.0;;200.0;195.4
365;184.0;197.1;149161.0;405.0;;365;200.0;193.5;140053.0;378.0;;365;200.0;197.8;145801.0;395.0;;365;200.0;194.7;135293.0;364.0;;196.0;195.775
366;200.0;197.1;149833.0;407.0;;366;200.0;194.1;141073.0;381.0;;366;190.0;197.6;146473.0;397.0;;366;200.0;195.4;136313.0;367.0;;197.5;196.05
367;200.0;197.1;150505.0;409.0;;367;200.0;194.4;141753.0;383.0;;367;178.0;197.4;147145.0;399.0;;367;200.0;195.5;136993.0;369.0;;194.5;196.1
368;200.0;197.1;151513.0;412.0;;368;200.0;194.4;142433.0;385.0;;368;185.0;197.3;147817.0;401.0;;368;200.0;195.7;137673.0;371.0;;196.25;196.125
369;200.0;197.5;152177.0;414.0;;369;200.0;194.8;143449.0;388.0;;369;200.0;197.3;148825.0;404.0;;369;200.0;196.2;138693.0;374.0;;200.0;196.45
370;200.0;197.5;153173.0;417.0;;370;200.0;194.9;144121.0;390.0;;370;191.0;197.5;149497.0;406.0;;370;195.0;196.6;139373.0;376.0;;196.5;196.625
371;200.0;197.5;153837.0;419.0;;371;200.0;195.5;144793.0;392.0;;371;200.0;197.6;150169.0;408.0;;371;200.0;196.8;140053.0;378.0;;200.0;196.85
372;183.0;197.3;154501.0;421.0;;372;200.0;196.0;145801.0;395.0;;372;200.0;197.6;151177.0;411.0;;372;200.0;196.8;141073.0;381.0;;195.75;196.925
373;200.0;197.3;155497.0;424.0;;373;200.0;196.2;146473.0;397.0;;373;200.0;197.6;151845.0;413.0;;373;200.0;196.8;141753.0;383.0;;200.0;196.975
374;200.0;197.6;156161.0;426.0;;374;200.0;196.6;147481.0;400.0;;374;198.0;197.8;152841.0;416.0;;374;200.0;197.2;142433.0;385.0;;199.5;197.3
375;200.0;198.0;157157.0;429.0;;375;193.0;197.1;148153.0;402.0;;375;178.0;197.8;153505.0;418.0;;375;200.0;197.2;143449.0;388.0;;192.75;197.525
376;178.0;197.8;157821.0;431.0;;376;200.0;197.1;148825.0;404.0;;376;200.0;197.8;154169.0;420.0;;376;200.0;197.4;144121.0;390.0;;194.5;197.525
377;200.0;197.8;158485.0;433.0;;377;200.0;197.6;149833.0;407.0;;377;200.0;198.1;155165.0;423.0;;377;200.0;197.4;145129.0;393.0;;200.0;197.725
378;200.0;197.8;159149.0;435.0;;378;200.0;197.6;150505.0;409.0;;378;200.0;198.1;155829.0;425.0;;378;200.0;197.4;145801.0;395.0;;200.0;197.725
379;200.0;197.8;160141.0;438.0;;379;200.0;197.6;151177.0;411.0;;379;200.0;198.1;156493.0;427.0;;379;200.0;197.6;146473.0;397.0;;200.0;197.775
380;200.0;197.8;160797.0;440.0;;380;200.0;198.1;152177.0;414.0;;380;197.0;198.1;157489.0;430.0;;380;200.0;197.6;147481.0;400.0;;199.25;197.9
381;200.0;197.8;161781.0;443.0;;381;200.0;198.1;152841.0;416.0;;381;200.0;198.1;158153.0;432.0;;381;200.0;197.6;148153.0;402.0;;200.0;197.9
382;200.0;197.8;162437.0;445.0;;382;200.0;198.4;153837.0;419.0;;382;200.0;198.1;159149.0;435.0;;382;200.0;197.9;148825.0;404.0;;200.0;198.05
383;200.0;197.8;163421.0;448.0;;383;200.0;198.4;154501.0;421.0;;383;200.0;198.1;159813.0;437.0;;383;200.0;198.0;149833.0;407.0;;200.0;198.075
384;200.0;197.8;164077.0;450.0;;384;200.0;198.4;155165.0;423.0;;384;200.0;198.1;160469.0;439.0;;384;200.0;198.0;150505.0;409.0;;200.0;198.075
385;200.0;197.8;165061.0;453.0;;385;200.0;198.4;156161.0;426.0;;385;200.0;198.1;161453.0;442.0;;385;200.0;198.4;151513.0;412.0;;200.0;198.175
386;200.0;197.8;165717.0;455.0;;386;200.0;198.4;156825.0;428.0;;386;200.0;198.1;162109.0;444.0;;386;192.0;198.6;152177.0;414.0;;198.0;198.225
387;200.0;198.0;166373.0;457.0;;387;200.0;198.7;157821.0;431.0;;387;200.0;198.1;163093.0;447.0;;387;200.0;198.8;152841.0;416.0;;200.0;198.4
388;200.0;198.0;167357.0;460.0;;388;200.0;198.7;158485.0;433.0;;388;200.0;198.1;163749.0;449.0;;388;200.0;198.8;153837.0;419.0;;200.0;198.4
389;200.0;198.0;168013.0;462.0;;389;200.0;198.7;159149.0;435.0;;389;200.0;198.1;164733.0;452.0;;389;200.0;198.8;154501.0;421.0;;200.0;198.4
390;175.0;197.8;168661.0;464.0;;390;200.0;198.7;160141.0;438.0;;390;200.0;198.1;165389.0;454.0;;390;200.0;198.8;155497.0;424.0;;193.75;198.35
391;200.0;197.8;169633.0;467.0;;391;200.0;198.7;160797.0;440.0;;391;200.0;198.1;166373.0;457.0;;391;200.0;198.8;156161.0;426.0;;200.0;198.35
392;200.0;197.8;170281.0;469.0;;392;200.0;198.7;161781.0;443.0;;392;167.0;197.8;167029.0;459.0;;392;194.0;198.7;156825.0;428.0;;190.25;198.25
393;200.0;197.8;171253.0;472.0;;393;200.0;198.7;162437.0;445.0;;393;200.0;197.8;167685.0;461.0;;393;200.0;198.9;157821.0;431.0;;200.0;198.3
394;200.0;197.8;171901.0;474.0;;394;200.0;198.7;163421.0;448.0;;394;200.0;197.8;168661.0;464.0;;394;200.0;198.9;158485.0;433.0;;200.0;198.3
395;167.0;197.4;172549.0;476.0;;395;200.0;198.7;164077.0;450.0;;395;200.0;197.8;169309.0;466.0;;395;200.0;198.9;159481.0;436.0;;191.75;198.2
396;200.0;197.4;173521.0;479.0;;396;200.0;198.7;164815.0;452.0;;396;200.0;197.8;169957.0;468.0;;396;200.0;198.9;160141.0;438.0;;200.0;198.2
397;200.0;197.4;174169.0;481.0;;397;200.0;199.1;165717.0;455.0;;397;200.0;197.8;170929.0;471.0;;397;200.0;198.9;160797.0;440.0;;200.0;198.3
398;200.0;197.4;175141.0;484.0;;398;200.0;199.1;166373.0;457.0;;398;156.0;197.4;171577.0;473.0;;398;200.0;198.9;161781.0;443.0;;189.0;198.2
399;200.0;197.4;175789.0;486.0;;399;200.0;199.1;167357.0;460.0;;399;186.0;197.3;172225.0;475.0;;399;200.0;198.9;162437.0;445.0;;196.5;198.175
400;171.0;197.2;176433.0;488.0;;400;200.0;199.1;168013.0;462.0;;400;200.0;197.3;173197.0;478.0;;400;200.0;198.9;163421.0;448.0;;192.75;198.125
401;200.0;197.2;177393.0;491.0;;401;192.0;199.2;168985.0;465.0;;401;200.0;197.3;173845.0;480.0;;401;200.0;198.9;164077.0;450.0;;198.0;198.15
402;194.0;197.1;178033.0;493.0;;402;200.0;199.2;169633.0;467.0;;402;178.0;197.0;174493.0;482.0;;402;200.0;198.9;165061.0;453.0;;193.0;198.05
403;200.0;197.1;178993.0;496.0;;403;200.0;199.2;170605.0;470.0;;403;200.0;197.0;175465.0;485.0;;403;200.0;198.9;165717.0;455.0;;200.0;198.05
404;200.0;197.1;179633.0;498.0;;404;197.0;199.2;171253.0;472.0;;404;200.0;197.0;176113.0;487.0;;404;200.0;198.9;166373.0;457.0;;199.25;198.05
405;189.0;197.0;180593.0;501.0;;405;200.0;199.2;171901.0;474.0;;405;200.0;197.0;177073.0;490.0;;405;200.0;198.9;167357.0;460.0;;197.25;198.025
406;200.0;197.0;181233.0;503.0;;406;190.0;199.1;172873.0;477.0;;406;200.0;197.3;177713.0;492.0;;406;200.0;198.9;168013.0;462.0;;197.5;198.075
407;200.0;197.0;182193.0;506.0;;407;200.0;199.1;173521.0;479.0;;407;200.0;197.5;178673.0;495.0;;407;200.0;198.9;168985.0;465.0;;200.0;198.125
408;200.0;197.0;182833.0;508.0;;408;200.0;199.1;174493.0;482.0;;408;200.0;197.5;179313.0;497.0;;408;200.0;198.9;169633.0;467.0;;200.0;198.125
409;200.0;197.3;183793.0;511.0;;409;170.0;198.8;175141.0;484.0;;409;200.0;197.5;180273.0;500.0;;409;200.0;198.9;170605.0;470.0;;192.5;198.125
410;200.0;197.3;184433.0;513.0;;410;200.0;198.9;175789.0;486.0;;410;199.0;197.5;180913.0;502.0;;410;178.0;198.7;171253.0;472.0;;194.25;198.1
411;200.0;197.3;185393.0;516.0;;411;193.0;198.9;176753.0;489.0;;411;200.0;197.6;181873.0;505.0;;411;187.0;198.6;171901.0;474.0;;195.0;198.1
412;200.0;197.3;186033.0;518.0;;412;200.0;198.9;177393.0;491.0;;412;168.0;197.3;182513.0;507.0;;412;200.0;198.6;172873.0;477.0;;192.0;198.025
413;167.0;197.0;186673.0;520.0;;413;200.0;198.9;178353.0;494.0;;413;200.0;197.3;183153.0;509.0;;413;200.0;198.6;173521.0;479.0;;191.75;197.95
414;200.0;197.0;187633.0;523.0;;414;200.0;198.9;178993.0;496.0;;414;200.0;197.3;184113.0;512.0;;414;200.0;198.6;174493.0;482.0;;200.0;197.95
415;194.0;196.9;188273.0;525.0;;415;200.0;198.9;179953.0;499.0;;415;200.0;197.3;184753.0;514.0;;415;179.0;198.3;175141.0;484.0;;193.25;197.85000000000002
416;200.0;196.9;189233.0;528.0;;416;200.0;198.9;180593.0;501.0;;416;157.0;196.9;185393.0;516.0;;416;200.0;198.3;175789.0;486.0;;189.25;197.75
417;200.0;196.9;189873.0;530.0;;417;184.0;198.7;181553.0;504.0;;417;174.0;196.6;186033.0;518.0;;417;176.0;198.1;176753.0;489.0;;183.5;197.575
418;200.0;196.9;190833.0;533.0;;418;200.0;198.7;182193.0;506.0;;418;200.0;196.6;186993.0;521.0;;418;200.0;198.1;177393.0;491.0;;200.0;197.575
419;200.0;196.9;191473.0;535.0;;419;200.0;198.7;183153.0;509.0;;419;200.0;196.6;187633.0;523.0;;419;200.0;198.1;178353.0;494.0;;200.0;197.575
420;188.0;197.2;192433.0;538.0;;420;200.0;198.7;183793.0;511.0;;420;196.0;196.7;188593.0;526.0;;420;200.0;198.1;178993.0;496.0;;196.0;197.67499999999998
421;200.0;197.2;193073.0;540.0;;421;200.0;198.7;184753.0;514.0;;421;196.0;196.7;189233.0;528.0;;421;200.0;198.1;179953.0;499.0;;199.0;197.67499999999998
422;182.0;197.0;193713.0;542.0;;422;200.0;198.7;185393.0;516.0;;422;200.0;196.7;190193.0;531.0;;422;200.0;198.3;180593.0;501.0;;195.5;197.675
423;200.0;197.0;194673.0;545.0;;423;200.0;198.7;186353.0;519.0;;423;200.0;196.7;190833.0;533.0;;423;200.0;198.3;181553.0;504.0;;200.0;197.675
424;200.0;197.0;195313.0;547.0;;424;200.0;198.7;186993.0;521.0;;424;200.0;196.7;191793.0;536.0;;424;200.0;198.3;182193.0;506.0;;200.0;197.675
425;190.0;196.9;196273.0;550.0;;425;200.0;198.7;187953.0;524.0;;425;200.0;196.7;192433.0;538.0;;425;193.0;198.2;182993.0;508.0;;195.75;197.625
426;200.0;197.1;196913.0;552.0;;426;200.0;198.7;188593.0;526.0;;426;175.0;196.4;193393.0;541.0;;426;200.0;198.2;183793.0;511.0;;193.75;197.6
427;200.0;197.1;197873.0;555.0;;427;181.0;198.5;189233.0;528.0;;427;200.0;196.4;194033.0;543.0;;427;200.0;198.2;184433.0;513.0;;195.25;197.55
428;200.0;197.1;198513.0;557.0;;428;200.0;198.5;190193.0;531.0;;428;200.0;196.4;194993.0;546.0;;428;200.0;198.2;185393.0;516.0;;200.0;197.55
429;200.0;197.1;199473.0;560.0;;429;200.0;198.5;190833.0;533.0;;429;154.0;196.0;195313.0;547.0;;429;200.0;198.4;186033.0;518.0;;188.5;197.5
430;200.0;197.1;200113.0;562.0;;430;200.0;198.5;191793.0;536.0;;430;174.0;195.7;196273.0;550.0;;430;200.0;198.4;186993.0;521.0;;193.5;197.425
431;179.0;196.9;200753.0;564.0;;431;200.0;198.5;192433.0;538.0;;431;200.0;195.7;196913.0;552.0;;431;200.0;198.4;187633.0;523.0;;194.75;197.375
432;200.0;196.9;201713.0;567.0;;432;200.0;198.5;193393.0;541.0;;432;189.0;195.6;197553.0;554.0;;432;200.0;198.4;188593.0;526.0;;197.25;197.35
433;200.0;196.9;202353.0;569.0;;433;180.0;198.3;194033.0;543.0;;433;187.0;195.5;198513.0;557.0;;433;194.0;198.3;189233.0;528.0;;190.25;197.25
434;200.0;196.9;203313.0;572.0;;434;196.0;198.3;194673.0;545.0;;434;200.0;195.5;199153.0;559.0;;434;200.0;198.3;190193.0;531.0;;199.0;197.25
435;200.0;196.9;203953.0;574.0;;435;200.0;198.3;195633.0;548.0;;435;200.0;195.5;200113.0;562.0;;435;200.0;198.3;190833.0;533.0;;200.0;197.25
436;200.0;197.1;204913.0;577.0;;436;200.0;198.3;196273.0;550.0;;436;200.0;195.5;200753.0;564.0;;436;175.0;198.1;191793.0;536.0;;193.75;197.25
437;200.0;197.1;205553.0;579.0;;437;200.0;198.3;197233.0;553.0;;437;200.0;195.5;201713.0;567.0;;437;200.0;198.2;192433.0;538.0;;200.0;197.275
438;200.0;197.1;206513.0;582.0;;438;169.0;198.0;197873.0;555.0;;438;200.0;195.5;202353.0;569.0;;438;200.0;198.3;193393.0;541.0;;192.25;197.225
439;200.0;197.1;207153.0;584.0;;439;200.0;198.0;198833.0;558.0;;439;200.0;195.5;203313.0;572.0;;439;161.0;197.9;194033.0;543.0;;190.25;197.125
440;200.0;197.1;208113.0;587.0;;440;200.0;198.0;199473.0;560.0;;440;200.0;195.5;203953.0;574.0;;440;168.0;197.6;194673.0;545.0;;192.0;197.05
441;200.0;197.1;208753.0;589.0;;441;164.0;198.1;200113.0;562.0;;441;198.0;195.5;204913.0;577.0;;441;172.0;197.3;195313.0;547.0;;183.5;197.0
442;197.0;197.1;209713.0;592.0;;442;200.0;198.1;201073.0;565.0;;442;200.0;195.5;205553.0;579.0;;442;200.0;197.3;195953.0;549.0;;199.25;197.0
443;200.0;197.2;210353.0;594.0;;443;200.0;198.1;201713.0;567.0;;443;200.0;195.6;206513.0;582.0;;443;200.0;197.3;196913.0;552.0;;200.0;197.05
444;200.0;197.2;211313.0;597.0;;444;200.0;198.1;202673.0;570.0;;444;162.0;195.2;207153.0;584.0;;444;200.0;197.3;197553.0;554.0;;190.5;196.95
445;158.0;196.8;211953.0;599.0;;445;200.0;198.1;203313.0;572.0;;445;200.0;195.2;207793.0;586.0;;445;200.0;197.3;198513.0;557.0;;189.5;196.85
446;200.0;196.8;212593.0;601.0;;446;200.0;198.1;204273.0;575.0;;446;200.0;195.2;208753.0;589.0;;446;200.0;197.3;199153.0;559.0;;200.0;196.85
447;200.0;196.8;213553.0;604.0;;447;200.0;198.1;204913.0;577.0;;447;200.0;195.2;209393.0;591.0;;447;200.0;197.3;200113.0;562.0;;200.0;196.85
448;164.0;196.4;214193.0;606.0;;448;200.0;198.1;205873.0;580.0;;448;200.0;195.2;210353.0;594.0;;448;200.0;197.3;200753.0;564.0;;191.0;196.75
449;196.0;196.4;214833.0;608.0;;449;200.0;198.1;206513.0;582.0;;449;174.0;194.9;210993.0;596.0;;449;156.0;196.9;201393.0;566.0;;181.5;196.575
450;200.0;196.4;215793.0;611.0;;450;200.0;198.1;207473.0;585.0;;450;200.0;194.9;211953.0;599.0;;450;200.0;196.9;202353.0;569.0;;200.0;196.575
451;200.0;196.4;216433.0;613.0;;451;200.0;198.1;208113.0;587.0;;451;200.0;194.9;212593.0;601.0;;451;146.0;196.3;202993.0;571.0;;186.5;196.425
452;200.0;196.4;217393.0;616.0;;452;200.0;198.1;209073.0;590.0;;452;200.0;194.9;213553.0;604.0;;452;200.0;196.3;203633.0;573.0;;200.0;196.425
453;200.0;196.6;218033.0;618.0;;453;169.0;197.8;209713.0;592.0;;453;200.0;194.9;214193.0;606.0;;453;200.0;196.3;204593.0;576.0;;192.25;196.4
454;200.0;196.6;218993.0;621.0;;454;200.0;197.8;210353.0;594.0;;454;200.0;194.9;215153.0;609.0;;454;200.0;196.3;205233.0;578.0;;200.0;196.4
455;200.0;196.6;219633.0;623.0;;455;200.0;197.8;211313.0;597.0;;455;200.0;194.9;215793.0;611.0;;455;200.0;196.3;206193.0;581.0;;200.0;196.4
456;200.0;196.6;220593.0;626.0;;456;200.0;197.8;211953.0;599.0;;456;200.0;194.9;216753.0;614.0;;456;161.0;195.9;206833.0;583.0;;190.25;196.3
457;200.0;196.6;221233.0;628.0;;457;200.0;197.8;212913.0;602.0;;457;200.0;195.1;217393.0;616.0;;457;200.0;195.9;207473.0;585.0;;200.0;196.35
458;200.0;196.6;222193.0;631.0;;458;200.0;197.8;213553.0;604.0;;458;176.0;194.8;218033.0;618.0;;458;200.0;196.0;208433.0;588.0;;194.0;196.3
459;200.0;196.6;222833.0;633.0;;459;200.0;197.8;214513.0;607.0;;459;200.0;194.8;218993.0;621.0;;459;200.0;196.1;209073.0;590.0;;200.0;196.325
460;200.0;196.6;223793.0;636.0;;460;200.0;197.8;215153.0;609.0;;460;200.0;194.8;219633.0;623.0;;460;200.0;196.1;210033.0;593.0;;200.0;196.325
461;200.0;196.6;224433.0;638.0;;461;181.0;197.6;216113.0;612.0;;461;200.0;194.8;220593.0;626.0;;461;200.0;196.1;210673.0;595.0;;195.25;196.275
462;189.0;196.4;225393.0;641.0;;462;200.0;197.6;216753.0;614.0;;462;200.0;194.8;221233.0;628.0;;462;200.0;196.1;211633.0;598.0;;197.25;196.225
463;199.0;196.4;226033.0;643.0;;463;200.0;197.6;217713.0;617.0;;463;200.0;194.8;222193.0;631.0;;463;178.0;196.0;212273.0;600.0;;194.25;196.2
464;186.0;196.3;226993.0;646.0;;464;200.0;197.6;218353.0;619.0;;464;200.0;194.8;222833.0;633.0;;464;172.0;195.8;212913.0;602.0;;189.5;196.125
465;200.0;196.5;227633.0;648.0;;465;200.0;197.6;219313.0;622.0;;465;200.0;194.8;223793.0;636.0;;465;200.0;195.8;213873.0;605.0;;200.0;196.175
466;189.0;196.4;228273.0;650.0;;466;200.0;197.6;219953.0;624.0;;466;200.0;194.9;224433.0;638.0;;466;200.0;195.8;214513.0;607.0;;197.25;196.175
467;191.0;196.3;229233.0;653.0;;467;200.0;197.6;220913.0;627.0;;467;200.0;195.2;225393.0;641.0;;467;200.0;195.8;215473.0;610.0;;197.75;196.225
468;200.0;196.3;229873.0;655.0;;468;200.0;197.6;221553.0;629.0;;468;171.0;195.0;226033.0;643.0;;468;200.0;195.8;216113.0;612.0;;192.75;196.175
469;200.0;196.3;230833.0;658.0;;469;200.0;197.6;222513.0;632.0;;469;200.0;195.0;226673.0;645.0;;469;200.0;195.8;217073.0;615.0;;200.0;196.175
470;194.0;196.2;231473.0;660.0;;470;200.0;197.6;223153.0;634.0;;470;200.0;195.1;227633.0;648.0;;470;200.0;195.8;217713.0;617.0;;198.5;196.175
471;200.0;196.2;232433.0;663.0;;471;200.0;197.6;224113.0;637.0;;471;200.0;195.1;228273.0;650.0;;471;200.0;195.8;218673.0;620.0;;200.0;196.175
472;200.0;196.4;233073.0;665.0;;472;200.0;197.6;224753.0;639.0;;472;200.0;195.1;229233.0;653.0;;472;179.0;195.6;219313.0;622.0;;194.75;196.175
473;178.0;196.2;233713.0;667.0;;473;200.0;197.6;225713.0;642.0;;473;200.0;195.1;229873.0;655.0;;473;200.0;195.6;219953.0;624.0;;194.5;196.125
474;182.0;196.0;234673.0;670.0;;474;193.0;197.5;226353.0;644.0;;474;200.0;195.1;230833.0;658.0;;474;200.0;195.6;220913.0;627.0;;193.75;196.05
475;185.0;195.8;235313.0;672.0;;475;200.0;197.6;226993.0;646.0;;475;190.0;195.2;231473.0;660.0;;475;200.0;195.6;221553.0;629.0;;193.75;196.05
476;192.0;196.0;235953.0;674.0;;476;200.0;197.6;227953.0;649.0;;476;192.0;195.2;232433.0;663.0;;476;200.0;195.6;222513.0;632.0;;196.0;196.1
477;161.0;195.6;236593.0;676.0;;477;200.0;197.6;228593.0;651.0;;477;200.0;195.2;233073.0;665.0;;477;192.0;195.5;223153.0;634.0;;188.25;195.975
478;200.0;195.6;237553.0;679.0;;478;200.0;197.6;229553.0;654.0;;478;195.0;195.1;234033.0;668.0;;478;200.0;195.5;224113.0;637.0;;198.75;195.95
479;161.0;195.2;238193.0;681.0;;479;200.0;197.6;230193.0;656.0;;479;200.0;195.1;234673.0;670.0;;479;200.0;195.5;224753.0;639.0;;190.25;195.85
480;169.0;194.9;238833.0;683.0;;480;200.0;197.6;231153.0;659.0;;480;186.0;195.0;235313.0;672.0;;480;200.0;195.5;225713.0;642.0;;188.75;195.75
481;177.0;194.6;239473.0;685.0;;481;200.0;197.6;231793.0;661.0;;481;200.0;195.0;236273.0;675.0;;481;199.0;195.5;226353.0;644.0;;194.0;195.675
482;200.0;194.6;240433.0;688.0;;482;165.0;197.2;232753.0;664.0;;482;190.0;194.9;236913.0;677.0;;482;200.0;195.5;227313.0;647.0;;188.75;195.55
483;176.0;194.4;241073.0;690.0;;483;200.0;197.2;233393.0;666.0;;483;183.0;194.7;237873.0;680.0;;483;182.0;195.3;227953.0;649.0;;185.25;195.4
484;194.0;194.3;241713.0;692.0;;484;200.0;197.2;234353.0;669.0;;484;200.0;194.7;238513.0;682.0;;484;200.0;195.3;228593.0;651.0;;198.5;195.375
485;200.0;194.3;242673.0;695.0;;485;200.0;197.2;234993.0;671.0;;485;183.0;194.6;239153.0;684.0;;485;192.0;195.3;229553.0;654.0;;193.75;195.35
486;200.0;194.3;243313.0;697.0;;486;200.0;197.2;235953.0;674.0;;486;200.0;194.6;240113.0;687.0;;486;200.0;195.3;230193.0;656.0;;200.0;195.35
487;160.0;193.9;243953.0;699.0;;487;192.0;197.2;236593.0;676.0;;487;200.0;194.6;240753.0;689.0;;487;188.0;195.2;231153.0;659.0;;185.0;195.225
488;153.0;193.5;244593.0;701.0;;488;200.0;197.2;237233.0;678.0;;488;191.0;194.5;241713.0;692.0;;488;153.0;194.8;231793.0;661.0;;174.25;195.0
489;178.0;193.2;245553.0;704.0;;489;189.0;197.0;238193.0;681.0;;489;196.0;194.4;242353.0;694.0;;489;200.0;194.8;232433.0;663.0;;190.75;194.85
490;187.0;193.4;246193.0;706.0;;490;200.0;197.0;238833.0;683.0;;490;200.0;194.4;243313.0;697.0;;490;167.0;194.4;233073.0;665.0;;188.5;194.8
491;200.0;193.4;246833.0;708.0;;491;200.0;197.0;239793.0;686.0;;491;200.0;194.4;243953.0;699.0;;491;170.0;194.1;233713.0;667.0;;192.5;194.725
492;200.0;193.4;247793.0;711.0;;492;200.0;197.0;240433.0;688.0;;492;200.0;194.8;244913.0;702.0;;492;177.0;194.0;234433.0;669.0;;194.25;194.8
493;169.0;193.1;248433.0;713.0;;493;200.0;197.0;241393.0;691.0;;493;178.0;194.5;245553.0;704.0;;493;196.0;193.9;235313.0;672.0;;185.75;194.625
494;168.0;192.7;249073.0;715.0;;494;200.0;197.0;242033.0;693.0;;494;191.0;194.4;246193.0;706.0;;494;167.0;193.6;235953.0;674.0;;181.5;194.425
495;169.0;192.8;249713.0;717.0;;495;200.0;197.0;242993.0;696.0;;495;198.0;194.4;247153.0;709.0;;495;167.0;193.2;236593.0;676.0;;183.5;194.35
496;159.0;192.4;250353.0;719.0;;496;196.0;197.0;243633.0;698.0;;496;200.0;194.4;247793.0;711.0;;496;173.0;193.0;237233.0;678.0;;182.0;194.2
497;156.0;191.9;250993.0;721.0;;497;200.0;197.0;244593.0;701.0;;497;199.0;194.4;248753.0;714.0;;497;193.0;192.9;238193.0;681.0;;187.0;194.05
498;166.0;191.6;251633.0;723.0;;498;200.0;197.0;245233.0;703.0;;498;200.0;194.9;249393.0;716.0;;498;200.0;192.9;238833.0;683.0;;191.5;194.1
499;171.0;191.3;252273.0;725.0;;499;196.0;197.0;246193.0;706.0;;499;190.0;194.9;250353.0;719.0;;499;173.0;192.6;239473.0;685.0;;182.5;193.95
500;174.0;191.3;253233.0;728.0;;500;200.0;197.0;246833.0;708.0;;500;200.0;194.9;250993.0;721.0;;500;195.0;192.6;240433.0;688.0;;192.25;193.95
501;193.0;191.2;253873.0;730.0;;501;200.0;197.0;247793.0;711.0;;501;200.0;194.9;251953.0;724.0;;501;184.0;192.4;241073.0;690.0;;194.25;193.875
502;182.0;191.1;254513.0;732.0;;502;200.0;197.0;248433.0;713.0;;502;182.0;194.9;252593.0;726.0;;502;179.0;192.2;241713.0;692.0;;185.75;193.8
503;180.0;190.9;255153.0;734.0;;503;200.0;197.0;249393.0;716.0;;503;187.0;194.8;253233.0;728.0;;503;161.0;191.8;242353.0;694.0;;182.0;193.625
504;200.0;190.9;256113.0;737.0;;504;200.0;197.1;250033.0;718.0;;504;151.0;194.3;253873.0;730.0;;504;169.0;191.5;242993.0;696.0;;180.0;193.45
505;189.0;190.9;256753.0;739.0;;505;200.0;197.1;250993.0;721.0;;505;195.0;194.3;254833.0;733.0;;505;183.0;191.4;243953.0;699.0;;191.75;193.425
506;187.0;190.8;257713.0;742.0;;506;200.0;197.2;251633.0;723.0;;506;200.0;194.3;255473.0;735.0;;506;200.0;191.4;244593.0;701.0;;196.75;193.425
507;148.0;190.3;258353.0;744.0;;507;200.0;197.2;252593.0;726.0;;507;200.0;194.3;256433.0;738.0;;507;186.0;191.2;245553.0;704.0;;183.5;193.25
508;158.0;189.8;258993.0;746.0;;508;176.0;196.9;253233.0;728.0;;508;189.0;194.2;257073.0;740.0;;508;200.0;191.2;246193.0;706.0;;180.75;193.025
509;167.0;189.5;259633.0;748.0;;509;200.0;197.2;253873.0;730.0;;509;168.0;193.8;257713.0;742.0;;509;200.0;191.2;247153.0;709.0;;183.75;192.925
510;189.0;189.4;260273.0;750.0;;510;200.0;197.2;254833.0;733.0;;510;200.0;193.8;258673.0;745.0;;510;187.0;191.3;247793.0;711.0;;194.0;192.925
511;168.0;189.1;260913.0;752.0;;511;200.0;197.3;255473.0;735.0;;511;183.0;193.7;259313.0;747.0;;511;166.0;191.1;248433.0;713.0;;179.25;192.8
512;196.0;189.0;261873.0;755.0;;512;200.0;197.3;256433.0;738.0;;512;200.0;194.0;259953.0;749.0;;512;191.0;191.0;249073.0;715.0;;196.75;192.825
513;174.0;189.1;262513.0;757.0;;513;169.0;197.0;257073.0;740.0;;513;191.0;193.9;260913.0;752.0;;513;175.0;190.8;250033.0;718.0;;177.25;192.7
514;200.0;189.1;263153.0;759.0;;514;200.0;197.0;257713.0;742.0;;514;200.0;193.9;261553.0;754.0;;514;200.0;190.8;250673.0;720.0;;200.0;192.7
515;176.0;188.9;263793.0;761.0;;515;200.0;197.0;258673.0;745.0;;515;200.0;193.9;262513.0;757.0;;515;183.0;190.8;251313.0;722.0;;189.75;192.65
516;166.0;188.6;264433.0;763.0;;516;200.0;197.0;259313.0;747.0;;516;200.0;194.3;263153.0;759.0;;516;159.0;190.4;251953.0;724.0;;181.25;192.575
517;160.0;188.2;265073.0;765.0;;517;200.0;197.2;260273.0;750.0;;517;187.0;194.5;264113.0;762.0;;517;178.0;190.4;252913.0;727.0;;181.25;192.575
518;154.0;187.7;265713.0;767.0;;518;178.0;196.9;260913.0;752.0;;518;200.0;194.5;264753.0;764.0;;518;170.0;190.1;253553.0;729.0;;175.5;192.3
519;189.0;187.6;266673.0;770.0;;519;200.0;196.9;261873.0;755.0;;519;200.0;194.5;265713.0;767.0;;519;154.0;189.6;254193.0;731.0;;185.75;192.15
520;168.0;187.4;267313.0;772.0;;520;199.0;196.9;262513.0;757.0;;520;200.0;194.5;266353.0;769.0;;520;167.0;189.3;254833.0;733.0;;183.5;192.025
521;145.0;186.9;267953.0;774.0;;521;200.0;196.9;263473.0;760.0;;521;200.0;194.6;267313.0;772.0;;521;162.0;188.9;255473.0;735.0;;176.75;191.825
522;172.0;186.8;268593.0;776.0;;522;200.0;196.9;264113.0;762.0;;522;200.0;194.6;267953.0;774.0;;522;180.0;188.7;256113.0;737.0;;188.0;191.75
523;153.0;186.3;269233.0;778.0;;523;200.0;196.9;265073.0;765.0;;523;200.0;194.6;268913.0;777.0;;523;171.0;188.4;256753.0;739.0;;181.0;191.55
524;170.0;186.0;269873.0;780.0;;524;200.0;196.9;265713.0;767.0;;524;181.0;194.4;269553.0;779.0;;524;160.0;188.0;257393.0;741.0;;177.75;191.325
525;162.0;185.7;270513.0;782.0;;525;200.0;196.9;266673.0;770.0;;525;189.0;194.2;270193.0;781.0;;525;168.0;187.8;258033.0;743.0;;179.75;191.15
526;151.0;185.2;271153.0;784.0;;526;200.0;196.9;267313.0;772.0;;526;200.0;194.5;271153.0;784.0;;526;171.0;187.5;258673.0;745.0;;180.5;191.025
527;200.0;185.2;271793.0;786.0;;527;200.0;197.1;268273.0;775.0;;527;200.0;194.5;271793.0;786.0;;527;177.0;187.3;259633.0;748.0;;194.25;191.025
528;160.0;184.8;272433.0;788.0;;528;200.0;197.1;268913.0;777.0;;528;200.0;194.5;272753.0;789.0;;528;153.0;186.8;259953.0;749.0;;178.25;190.8
529;144.0;184.3;273073.0;790.0;;529;200.0;197.1;269873.0;780.0;;529;200.0;195.0;273393.0;791.0;;529;152.0;186.3;260593.0;751.0;;174.0;190.675
530;148.0;183.8;273713.0;792.0;;530;200.0;197.1;270513.0;782.0;;530;200.0;195.2;274353.0;794.0;;530;157.0;185.9;261233.0;753.0;;176.25;190.5
531;158.0;183.6;274353.0;794.0;;531;166.0;196.8;271153.0;784.0;;531;187.0;195.1;274993.0;796.0;;531;178.0;185.7;262193.0;756.0;;172.25;190.3
532;165.0;183.2;274993.0;796.0;;532;184.0;196.6;272113.0;787.0;;532;200.0;195.2;275633.0;798.0;;532;160.0;185.3;262833.0;758.0;;177.25;190.075
533;148.0;182.7;275633.0;798.0;;533;200.0;196.8;272753.0;789.0;;533;200.0;195.3;276593.0;801.0;;533;159.0;184.9;263473.0;760.0;;176.75;189.925
534;188.0;182.6;276273.0;800.0;;534;200.0;196.9;273713.0;792.0;;534;195.0;195.3;277233.0;803.0;;534;164.0;184.6;264113.0;762.0;;186.75;189.85
535;173.0;182.3;276913.0;802.0;;535;200.0;196.9;274353.0;794.0;;535;200.0;195.3;278193.0;806.0;;535;166.0;184.2;264753.0;764.0;;184.75;189.675
536;192.0;182.2;277873.0;805.0;;536;200.0;196.9;275313.0;797.0;;536;200.0;195.3;278833.0;808.0;;536;182.0;184.3;265393.0;766.0;;193.5;189.675
537;162.0;181.8;278513.0;807.0;;537;200.0;196.9;275953.0;799.0;;537;180.0;195.1;279793.0;811.0;;537;158.0;183.9;266033.0;768.0;;175.0;189.425
538;161.0;181.4;279153.0;809.0;;538;187.0;197.0;276593.0;801.0;;538;200.0;195.1;280433.0;813.0;;538;180.0;183.7;266673.0;770.0;;182.0;189.3
539;160.0;181.0;279793.0;811.0;;539;200.0;197.0;277553.0;804.0;;539;200.0;195.1;281393.0;816.0;;539;180.0;183.9;267313.0;772.0;;185.0;189.25
540;166.0;180.7;280433.0;813.0;;540;200.0;197.0;278193.0;806.0;;540;200.0;195.1;282033.0;818.0;;540;153.0;183.7;267953.0;774.0;;179.75;189.125
541;154.0;180.2;281073.0;815.0;;541;200.0;197.4;279153.0;809.0;;541;200.0;195.1;282993.0;821.0;;541;153.0;183.5;268593.0;776.0;;176.75;189.05
542;159.0;179.9;281713.0;817.0;;542;173.0;197.1;279793.0;811.0;;542;200.0;195.1;283633.0;823.0;;542;164.0;183.2;269233.0;778.0;;174.0;188.825
543;167.0;179.5;282353.0;819.0;;543;192.0;197.0;280433.0;813.0;;543;200.0;195.1;284593.0;826.0;;543;165.0;182.8;269873.0;780.0;;181.0;188.6
544;154.0;179.1;282993.0;821.0;;544;178.0;196.8;281393.0;816.0;;544;200.0;195.5;285233.0;828.0;;544;175.0;182.6;270833.0;783.0;;176.75;188.5
545;143.0;178.9;283633.0;823.0;;545;200.0;196.8;282033.0;818.0;;545;200.0;195.5;286193.0;831.0;;545;162.0;182.2;271473.0;785.0;;176.25;188.35
546;154.0;178.5;283953.0;824.0;;546;200.0;196.8;282993.0;821.0;;546;200.0;195.5;286833.0;833.0;;546;152.0;181.7;271793.0;786.0;;176.5;188.125
547;150.0;178.0;284593.0;826.0;;547;200.0;196.8;283633.0;823.0;;547;200.0;195.5;287793.0;836.0;;547;146.0;181.2;272433.0;788.0;;174.0;187.875
548;146.0;177.8;285233.0;828.0;;548;200.0;196.8;284593.0;826.0;;548;197.0;195.4;288433.0;838.0;;548;145.0;180.6;273073.0;790.0;;172.0;187.65
549;151.0;177.3;285873.0;830.0;;549;191.0;196.7;285233.0;828.0;;549;187.0;195.6;289073.0;840.0;;549;179.0;180.8;273713.0;792.0;;177.0;187.6
550;160.0;176.9;286513.0;832.0;;550;200.0;196.7;286193.0;831.0;;550;200.0;195.6;290033.0;843.0;;550;164.0;180.5;274353.0;794.0;;181.0;187.425
551;151.0;176.4;287153.0;834.0;;551;200.0;196.7;286833.0;833.0;;551;189.0;195.5;290673.0;845.0;;551;162.0;180.6;274993.0;796.0;;175.5;187.3
552;161.0;176.0;287793.0;836.0;;552;164.0;196.4;287473.0;835.0;;552;200.0;195.5;291633.0;848.0;;552;161.0;180.2;275633.0;798.0;;171.5;187.025
553;146.0;175.5;288433.0;838.0;;553;200.0;196.7;288433.0;838.0;;553;184.0;195.3;292273.0;850.0;;553;164.0;179.9;276273.0;800.0;;173.5;186.85
554;159.0;175.1;289073.0;840.0;;554;200.0;196.7;289073.0;840.0;;554;200.0;195.3;293233.0;853.0;;554;172.0;179.6;277233.0;803.0;;182.75;186.675
555;147.0;174.6;289713.0;842.0;;555;183.0;196.5;289713.0;842.0;;555;200.0;195.3;293873.0;855.0;;555;160.0;179.2;277873.0;805.0;;172.5;186.4
556;170.0;174.3;290353.0;844.0;;556;200.0;196.5;290673.0;845.0;;556;200.0;195.3;294753.0;858.0;;556;145.0;179.0;278193.0;806.0;;178.75;186.275
557;167.0;173.9;290993.0;846.0;;557;200.0;196.5;291313.0;847.0;;557;199.0;195.3;295393.0;860.0;;557;150.0;178.6;278833.0;808.0;;179.0;186.075
558;146.0;173.4;291633.0;848.0;;558;200.0;196.5;292273.0;850.0;;558;192.0;195.5;296353.0;863.0;;558;159.0;178.1;279473.0;810.0;;174.25;185.875
559;170.0;173.1;292273.0;850.0;;559;193.0;196.4;292913.0;852.0;;559;178.0;195.2;296993.0;865.0;;559;162.0;177.8;280113.0;812.0;;175.75;185.625
560;158.0;172.7;292913.0;852.0;;560;200.0;196.4;293873.0;855.0;;560;200.0;195.2;297633.0;867.0;;560;156.0;177.3;280753.0;814.0;;178.5;185.4
561;154.0;172.2;293553.0;854.0;;561;200.0;196.6;294513.0;857.0;;561;197.0;195.2;298593.0;870.0;;561;151.0;176.8;281393.0;816.0;;175.5;185.2
562;153.0;171.9;294193.0;856.0;;562;200.0;196.6;295393.0;860.0;;562;200.0;195.2;299233.0;872.0;;562;150.0;176.3;282033.0;818.0;;175.75;185.0
563;179.0;171.7;294753.0;858.0;;563;183.0;196.5;296033.0;862.0;;563;200.0;195.2;300193.0;875.0;;563;151.0;176.1;282673.0;820.0;;178.25;184.875
564;159.0;171.4;295393.0;860.0;;564;200.0;196.5;296993.0;865.0;;564;200.0;195.2;300833.0;877.0;;564;154.0;175.9;283313.0;822.0;;178.25;184.75
565;178.0;171.2;296033.0;862.0;;565;200.0;196.5;297633.0;867.0;;565;182.0;195.0;301473.0;879.0;;565;159.0;175.5;283953.0;824.0;;179.75;184.55
566;164.0;170.9;296673.0;864.0;;566;200.0;196.5;298593.0;870.0;;566;189.0;194.9;302433.0;882.0;;566;182.0;175.3;284593.0;826.0;;183.75;184.4
567;167.0;170.7;297313.0;866.0;;567;200.0;196.5;299233.0;872.0;;567;200.0;194.9;303073.0;884.0;;567;172.0;175.0;285233.0;828.0;;184.75;184.275
568;161.0;170.3;297953.0;868.0;;568;200.0;196.5;300193.0;875.0;;568;200.0;195.2;304033.0;887.0;;568;178.0;174.8;285873.0;830.0;;184.75;184.2
569;155.0;169.8;298593.0;870.0;;569;200.0;196.5;300833.0;877.0;;569;200.0;195.2;304673.0;889.0;;569;147.0;174.3;286513.0;832.0;;175.5;183.95
570;155.0;169.4;299233.0;872.0;;570;200.0;196.5;301793.0;880.0;;570;200.0;195.2;305633.0;892.0;;570;166.0;173.9;287153.0;834.0;;180.25;183.75
571;155.0;169.0;299873.0;874.0;;571;200.0;196.5;302433.0;882.0;;571;200.0;195.2;306273.0;894.0;;571;136.0;173.3;287793.0;836.0;;172.75;183.5
572;153.0;168.5;300513.0;876.0;;572;200.0;196.5;303393.0;885.0;;572;200.0;195.2;307233.0;897.0;;572;147.0;173.0;288433.0;838.0;;175.0;183.3
573;155.0;168.3;301153.0;878.0;;573;200.0;196.5;304033.0;887.0;;573;200.0;195.2;307873.0;899.0;;573;157.0;172.5;289073.0;840.0;;178.0;183.125
574;155.0;168.0;301793.0;880.0;;574;200.0;196.5;304993.0;890.0;;574;200.0;195.2;308833.0;902.0;;574;161.0;172.1;289713.0;842.0;;179.0;182.95
575;150.0;167.7;302433.0;882.0;;575;200.0;196.5;305633.0;892.0;;575;200.0;195.3;309473.0;904.0;;575;158.0;171.7;290353.0;844.0;;177.0;182.8
576;145.0;167.2;302753.0;883.0;;576;184.0;196.4;306273.0;894.0;;576;198.0;195.4;310433.0;907.0;;576;149.0;171.2;290993.0;846.0;;169.0;182.55
577;193.0;167.5;303713.0;886.0;;577;200.0;196.4;307233.0;897.0;;577;200.0;195.4;311073.0;909.0;;577;145.0;170.7;291633.0;848.0;;184.5;182.5
578;149.0;167.0;304353.0;888.0;;578;200.0;196.4;307873.0;899.0;;578;200.0;195.4;312033.0;912.0;;578;150.0;170.2;291953.0;849.0;;174.75;182.25
579;165.0;167.1;304993.0;890.0;;579;182.0;196.2;308833.0;902.0;;579;200.0;195.4;312673.0;914.0;;579;164.0;169.9;292673.0;851.0;;177.75;182.15
580;159.0;167.0;305633.0;892.0;;580;200.0;196.2;309473.0;904.0;;580;200.0;195.6;313633.0;917.0;;580;140.0;169.3;293233.0;853.0;;174.75;182.025
581;160.0;166.8;306273.0;894.0;;581;197.0;196.2;310433.0;907.0;;581;200.0;195.6;314273.0;919.0;;581;145.0;168.7;293873.0;855.0;;175.5;181.825
582;154.0;166.3;306913.0;896.0;;582;200.0;196.5;311073.0;909.0;;582;200.0;195.7;315233.0;922.0;;582;164.0;168.4;294513.0;857.0;;179.5;181.725
583;144.0;166.0;307553.0;898.0;;583;200.0;196.5;312033.0;912.0;;583;200.0;195.8;315873.0;924.0;;583;160.0;168.2;295073.0;859.0;;176.0;181.625
584;159.0;165.7;307873.0;899.0;;584;196.0;196.5;312673.0;914.0;;584;200.0;195.8;316833.0;927.0;;584;152.0;167.7;295713.0;861.0;;176.75;181.425
585;153.0;165.2;308513.0;901.0;;585;200.0;196.5;313633.0;917.0;;585;200.0;196.0;317473.0;929.0;;585;166.0;167.4;296353.0;863.0;;179.75;181.275
586;157.0;164.8;309153.0;903.0;;586;200.0;196.5;314273.0;919.0;;586;200.0;196.0;318433.0;932.0;;586;188.0;167.3;296993.0;865.0;;186.25;181.15
587;164.0;164.8;309793.0;905.0;;587;200.0;196.6;315233.0;922.0;;587;200.0;196.0;319073.0;934.0;;587;172.0;167.1;297953.0;868.0;;184.0;181.125
588;163.0;164.9;310433.0;907.0;;588;200.0;196.6;315873.0;924.0;;588;200.0;196.1;320033.0;937.0;;588;163.0;167.2;298593.0;870.0;;181.5;181.2
589;178.0;164.9;311393.0;910.0;;589;200.0;196.7;316833.0;927.0;;589;199.0;196.1;320673.0;939.0;;589;142.0;166.7;298913.0;871.0;;179.75;181.1
590;154.0;164.6;312033.0;912.0;;590;200.0;196.7;317473.0;929.0;;590;200.0;196.1;321633.0;942.0;;590;165.0;166.6;299553.0;873.0;;179.75;181.0
591;180.0;164.4;312673.0;914.0;;591;200.0;196.7;318433.0;932.0;;591;181.0;195.9;322273.0;944.0;;591;148.0;166.4;300193.0;875.0;;177.25;180.85
592;157.0;163.9;313313.0;916.0;;592;200.0;196.7;319073.0;934.0;;592;200.0;195.9;323233.0;947.0;;592;169.0;166.3;300833.0;877.0;;181.5;180.7
593;157.0;163.8;313953.0;918.0;;593;200.0;196.7;320033.0;937.0;;593;200.0;196.2;323873.0;949.0;;593;145.0;165.8;301473.0;879.0;;175.5;180.625
594;173.0;163.9;314593.0;920.0;;594;200.0;196.7;320673.0;939.0;;594;200.0;196.2;324833.0;952.0;;594;157.0;165.7;302113.0;881.0;;182.5;180.625
595;176.0;163.9;315233.0;922.0;;595;200.0;196.7;321633.0;942.0;;595;200.0;196.3;325473.0;954.0;;595;158.0;165.6;302753.0;883.0;;183.5;180.625
596;187.0;164.2;315873.0;924.0;;596;200.0;196.7;322273.0;944.0;;596;197.0;196.2;326433.0;957.0;;596;174.0;165.6;303393.0;885.0;;189.5;180.67499999999998
597;188.0;164.5;316833.0;927.0;;597;200.0;196.7;323233.0;947.0;;597;199.0;196.2;327073.0;959.0;;597;147.0;165.2;304033.0;887.0;;183.5;180.64999999999998
598;179.0;164.7;317473.0;929.0;;598;200.0;196.7;323873.0;949.0;;598;200.0;196.2;328033.0;962.0;;598;177.0;165.0;304673.0;889.0;;189.0;180.64999999999998
599;188.0;164.8;318113.0;931.0;;599;200.0;196.8;324833.0;952.0;;599;200.0;196.3;328673.0;964.0;;599;160.0;164.8;305313.0;891.0;;187.0;180.675
600;183.0;164.9;319073.0;934.0;;600;200.0;196.8;325473.0;954.0;;600;200.0;196.3;329633.0;967.0;;600;169.0;164.6;306273.0;894.0;;188.0;180.65
601;156.0;164.6;319713.0;936.0;;601;200.0;196.8;326433.0;957.0;;601;200.0;196.3;330273.0;969.0;;601;157.0;164.3;306593.0;895.0;;178.25;180.5
602;155.0;164.3;320353.0;938.0;;602;200.0;196.8;327073.0;959.0;;602;200.0;196.5;331233.0;972.0;;602;165.0;164.2;307553.0;898.0;;180.0;180.45
603;171.0;164.2;320993.0;940.0;;603;200.0;196.8;328033.0;962.0;;603;200.0;196.6;331873.0;974.0;;603;160.0;164.2;308193.0;900.0;;182.75;180.45
604;188.0;164.1;321633.0;942.0;;604;200.0;196.8;328673.0;964.0;;604;200.0;197.1;332833.0;977.0;;604;156.0;164.0;308513.0;901.0;;186.0;180.5
605;167.0;163.9;322273.0;944.0;;605;200.0;196.8;329633.0;967.0;;605;200.0;197.2;333473.0;979.0;;605;151.0;163.7;309153.0;903.0;;179.5;180.4
606;161.0;163.6;322913.0;946.0;;606;200.0;196.8;330273.0;969.0;;606;200.0;197.2;334433.0;982.0;;606;160.0;163.3;309793.0;905.0;;180.25;180.225
607;165.0;163.8;323553.0;948.0;;607;200.0;196.8;331233.0;972.0;;607;200.0;197.2;335073.0;984.0;;607;166.0;163.1;310433.0;907.0;;182.75;180.225
608;170.0;163.9;324193.0;950.0;;608;200.0;197.0;331873.0;974.0;;608;200.0;197.3;336033.0;987.0;;608;167.0;162.8;311393.0;910.0;;184.25;180.25
609;166.0;163.9;324833.0;952.0;;609;200.0;197.0;332833.0;977.0;;609;200.0;197.6;336673.0;989.0;;609;169.0;162.5;312033.0;912.0;;183.75;180.25
610;167.0;163.7;325793.0;955.0;;610;200.0;197.0;333473.0;979.0;;610;200.0;197.6;337633.0;992.0;;610;153.0;162.1;312673.0;914.0;;180.0;180.1
611;183.0;163.8;326433.0;957.0;;611;200.0;197.0;334433.0;982.0;;611;200.0;197.8;338273.0;994.0;;611;150.0;162.0;312993.0;915.0;;183.25;180.15
612;170.0;163.6;327073.0;959.0;;612;200.0;197.0;335073.0;984.0;;612;200.0;197.8;339233.0;997.0;;612;170.0;161.8;313953.0;918.0;;185.0;180.05
613;170.0;163.5;327713.0;961.0;;613;200.0;197.3;336033.0;987.0;;613;200.0;197.9;339873.0;999.0;;613;180.0;161.8;314593.0;920.0;;187.5;180.125
614;184.0;163.4;328353.0;963.0;;614;200.0;197.3;336673.0;989.0;;614;200.0;197.9;340833.0;1002.0;;614;151.0;161.3;315233.0;922.0;;183.75;179.97500000000002
615;188.0;163.5;329313.0;966.0;;615;200.0;197.3;337633.0;992.0;;615;200.0;197.9;341473.0;1004.0;;615;150.0;161.0;315873.0;924.0;;184.5;179.925
616;185.0;163.7;329953.0;968.0;;616;200.0;197.3;338273.0;994.0;;616;200.0;197.9;342433.0;1007.0;;616;170.0;161.1;316513.0;926.0;;188.75;180.0
617;200.0;164.1;330913.0;971.0;;617;200.0;197.3;339233.0;997.0;;617;200.0;198.0;343073.0;1009.0;;617;156.0;160.9;317153.0;928.0;;189.0;180.075
618;200.0;164.5;331553.0;973.0;;618;200.0;197.5;339873.0;999.0;;618;200.0;198.0;344033.0;1012.0;;618;166.0;160.8;317793.0;930.0;;191.5;180.2
619;200.0;164.6;332513.0;976.0;;619;200.0;197.5;340833.0;1002.0;;619;200.0;198.0;344673.0;1014.0;;619;160.0;160.9;318433.0;932.0;;190.0;180.25
620;200.0;165.0;333153.0;978.0;;620;200.0;197.5;341473.0;1004.0;;620;200.0;198.0;345633.0;1017.0;;620;171.0;160.9;319073.0;934.0;;192.75;180.35
621;196.0;165.5;333793.0;980.0;;621;200.0;197.5;342433.0;1007.0;;621;200.0;198.0;346273.0;1019.0;;621;147.0;160.8;319713.0;936.0;;185.75;180.45
622;186.0;165.6;334753.0;983.0;;622;200.0;197.5;343073.0;1009.0;;622;200.0;198.0;347233.0;1022.0;;622;149.0;160.5;320353.0;938.0;;183.75;180.4
623;200.0;166.1;335393.0;985.0;;623;200.0;197.5;344033.0;1012.0;;623;200.0;198.0;347873.0;1024.0;;623;165.0;160.4;320993.0;940.0;;191.25;180.5
624;200.0;166.4;336353.0;988.0;;624;200.0;197.5;344673.0;1014.0;;624;200.0;198.2;348833.0;1027.0;;624;171.0;160.5;321633.0;942.0;;192.75;180.65
625;200.0;166.8;336993.0;990.0;;625;200.0;197.5;345633.0;1017.0;;625;200.0;198.3;349473.0;1029.0;;625;163.0;160.5;322273.0;944.0;;190.75;180.775
626;200.0;167.2;337953.0;993.0;;626;200.0;197.5;346273.0;1019.0;;626;200.0;198.3;350433.0;1032.0;;626;167.0;160.4;322913.0;946.0;;191.75;180.85
627;200.0;167.2;338593.0;995.0;;627;200.0;197.5;347233.0;1022.0;;627;200.0;198.3;351073.0;1034.0;;627;162.0;160.3;323553.0;948.0;;190.5;180.825
628;200.0;167.6;339553.0;998.0;;628;200.0;197.5;347873.0;1024.0;;628;200.0;198.3;352033.0;1037.0;;628;172.0;160.5;324193.0;950.0;;193.0;180.975
629;200.0;168.2;340193.0;1000.0;;629;200.0;197.5;348833.0;1027.0;;629;200.0;198.3;352673.0;1039.0;;629;171.0;160.7;324833.0;952.0;;192.75;181.175
630;200.0;168.7;341153.0;1003.0;;630;200.0;197.5;349473.0;1029.0;;630;200.0;198.3;353633.0;1042.0;;630;194.0;161.0;325793.0;955.0;;198.5;181.375
631;200.0;169.1;341793.0;1005.0;;631;200.0;197.9;350433.0;1032.0;;631;200.0;198.4;354273.0;1044.0;;631;168.0;160.9;326433.0;957.0;;192.0;181.575
632;200.0;169.5;342753.0;1008.0;;632;200.0;198.0;351073.0;1034.0;;632;200.0;198.4;355233.0;1047.0;;632;165.0;161.0;327073.0;959.0;;191.25;181.725
633;200.0;170.0;343393.0;1010.0;;633;200.0;198.0;352033.0;1037.0;;633;200.0;198.4;355873.0;1049.0;;633;175.0;161.1;327713.0;961.0;;193.75;181.875
634;200.0;170.1;344353.0;1013.0;;634;200.0;198.0;352673.0;1039.0;;634;200.0;198.5;356833.0;1052.0;;634;153.0;161.0;328353.0;963.0;;188.25;181.9
635;200.0;170.4;344993.0;1015.0;;635;200.0;198.0;353633.0;1042.0;;635;200.0;198.5;357473.0;1054.0;;635;179.0;161.2;328993.0;965.0;;194.75;182.025
636;200.0;170.5;345953.0;1018.0;;636;200.0;198.0;354273.0;1044.0;;636;200.0;198.5;358433.0;1057.0;;636;165.0;161.0;329633.0;967.0;;191.25;182.0
637;200.0;170.9;346593.0;1020.0;;637;200.0;198.0;355233.0;1047.0;;637;200.0;198.7;359073.0;1059.0;;637;176.0;161.2;330273.0;969.0;;194.0;182.2
638;200.0;171.2;347553.0;1023.0;;638;200.0;198.2;355873.0;1049.0;;638;200.0;198.7;360033.0;1062.0;;638;180.0;161.2;331233.0;972.0;;195.0;182.325
639;200.0;171.6;348193.0;1025.0;;639;200.0;198.2;356833.0;1052.0;;639;200.0;198.7;360673.0;1064.0;;639;174.0;161.1;331873.0;974.0;;193.5;182.39999999999998
640;200.0;172.0;349153.0;1028.0;;640;200.0;198.2;357473.0;1054.0;;640;200.0;198.7;361633.0;1067.0;;640;185.0;161.4;332513.0;976.0;;196.25;182.575
641;200.0;172.4;349793.0;1030.0;;641;200.0;198.2;358433.0;1057.0;;641;200.0;198.7;362273.0;1069.0;;641;194.0;161.8;333473.0;979.0;;198.5;182.775
642;200.0;172.9;350753.0;1033.0;;642;200.0;198.4;359073.0;1059.0;;642;200.0;198.7;363233.0;1072.0;;642;200.0;162.2;334113.0;981.0;;200.0;183.05
643;200.0;173.2;351393.0;1035.0;;643;200.0;198.5;360033.0;1062.0;;643;200.0;198.7;363873.0;1074.0;;643;180.0;162.4;334753.0;983.0;;195.0;183.2
644;200.0;173.6;352353.0;1038.0;;644;200.0;198.7;360673.0;1064.0;;644;200.0;198.7;364833.0;1077.0;;644;200.0;162.6;335713.0;986.0;;200.0;183.39999999999998
645;200.0;174.2;352993.0;1040.0;;645;200.0;198.7;361633.0;1067.0;;645;200.0;198.7;365473.0;1079.0;;645;200.0;163.0;336353.0;988.0;;200.0;183.64999999999998
646;200.0;174.7;353953.0;1043.0;;646;200.0;198.7;362273.0;1069.0;;646;200.0;198.7;366433.0;1082.0;;646;195.0;163.4;337313.0;991.0;;198.75;183.875
647;200.0;175.2;354593.0;1045.0;;647;200.0;198.7;363233.0;1072.0;;647;200.0;198.7;367073.0;1084.0;;647;200.0;164.0;337953.0;993.0;;200.0;184.14999999999998
648;200.0;175.7;355553.0;1048.0;;648;200.0;198.7;363873.0;1074.0;;648;200.0;198.7;368033.0;1087.0;;648;200.0;164.5;338913.0;996.0;;200.0;184.39999999999998
649;200.0;176.2;356193.0;1050.0;;649;200.0;198.8;364833.0;1077.0;;649;200.0;198.8;368673.0;1089.0;;649;200.0;164.7;339553.0;998.0;;200.0;184.625
650;200.0;176.6;357153.0;1053.0;;650;200.0;198.8;365473.0;1079.0;;650;200.0;198.8;369633.0;1092.0;;650;200.0;165.1;340513.0;1001.0;;200.0;184.825
651;200.0;177.1;357793.0;1055.0;;651;200.0;198.8;366433.0;1082.0;;651;200.0;199.0;370273.0;1094.0;;651;200.0;165.4;341153.0;1003.0;;200.0;185.075
652;200.0;177.5;358753.0;1058.0;;652;200.0;199.2;367073.0;1084.0;;652;200.0;199.0;371233.0;1097.0;;652;200.0;165.8;342113.0;1006.0;;200.0;185.375
653;200.0;178.0;359393.0;1060.0;;653;200.0;199.2;368033.0;1087.0;;653;200.0;199.1;371873.0;1099.0;;653;200.0;166.2;342753.0;1008.0;;200.0;185.625
654;200.0;178.4;360353.0;1063.0;;654;200.0;199.2;368673.0;1089.0;;654;200.0;199.1;372833.0;1102.0;;654;200.0;166.5;343713.0;1011.0;;200.0;185.8
655;200.0;179.0;360993.0;1065.0;;655;200.0;199.4;369633.0;1092.0;;655;200.0;199.1;373473.0;1104.0;;655;200.0;166.9;344353.0;1013.0;;200.0;186.1
656;200.0;179.3;361953.0;1068.0;;656;200.0;199.4;370273.0;1094.0;;656;200.0;199.1;374433.0;1107.0;;656;200.0;167.4;345313.0;1016.0;;200.0;186.3
657;200.0;179.6;362593.0;1070.0;;657;200.0;199.4;371233.0;1097.0;;657;200.0;199.1;375073.0;1109.0;;657;200.0;167.9;345953.0;1018.0;;200.0;186.5
658;200.0;180.1;363553.0;1073.0;;658;200.0;199.4;371873.0;1099.0;;658;200.0;199.2;376033.0;1112.0;;658;200.0;168.3;346913.0;1021.0;;200.0;186.75
659;200.0;180.4;364193.0;1075.0;;659;200.0;199.4;372833.0;1102.0;;659;200.0;199.4;376673.0;1114.0;;659;200.0;168.7;347553.0;1023.0;;200.0;186.975
660;200.0;180.9;365153.0;1078.0;;660;200.0;199.4;373473.0;1104.0;;660;200.0;199.4;377633.0;1117.0;;660;200.0;169.2;348513.0;1026.0;;200.0;187.225
661;200.0;181.3;365793.0;1080.0;;661;200.0;199.4;374433.0;1107.0;;661;200.0;199.4;378273.0;1119.0;;661;200.0;169.6;349153.0;1028.0;;200.0;187.425
662;200.0;181.8;366753.0;1083.0;;662;200.0;199.4;375073.0;1109.0;;662;200.0;199.4;379233.0;1122.0;;662;200.0;170.2;350113.0;1031.0;;200.0;187.7
663;200.0;182.0;367393.0;1085.0;;663;200.0;199.6;376033.0;1112.0;;663;200.0;199.4;379873.0;1124.0;;663;200.0;170.6;350753.0;1033.0;;200.0;187.9
664;200.0;182.4;368353.0;1088.0;;664;200.0;199.6;376673.0;1114.0;;664;200.0;199.4;380833.0;1127.0;;664;200.0;171.1;351713.0;1036.0;;200.0;188.125
665;200.0;182.6;368993.0;1090.0;;665;200.0;199.6;377633.0;1117.0;;665;200.0;199.6;381473.0;1129.0;;665;200.0;171.5;352353.0;1038.0;;200.0;188.325
666;200.0;183.0;369953.0;1093.0;;666;200.0;199.6;378273.0;1119.0;;666;200.0;199.7;382433.0;1132.0;;666;200.0;171.7;353313.0;1041.0;;200.0;188.5
667;200.0;183.3;370593.0;1095.0;;667;200.0;199.6;379233.0;1122.0;;667;200.0;199.7;383073.0;1134.0;;667;200.0;172.0;353953.0;1043.0;;200.0;188.65
668;200.0;183.7;371553.0;1098.0;;668;200.0;199.6;379873.0;1124.0;;668;200.0;199.7;384033.0;1137.0;;668;200.0;172.2;354913.0;1046.0;;200.0;188.79999999999998
669;200.0;184.2;372193.0;1100.0;;669;200.0;199.6;380833.0;1127.0;;669;200.0;199.7;384673.0;1139.0;;669;200.0;172.7;355553.0;1048.0;;200.0;189.04999999999998
670;200.0;184.6;373153.0;1103.0;;670;200.0;199.6;381473.0;1129.0;;670;200.0;199.7;385633.0;1142.0;;670;200.0;173.1;356513.0;1051.0;;200.0;189.25
671;200.0;185.1;373793.0;1105.0;;671;200.0;199.6;382433.0;1132.0;;671;200.0;199.7;386273.0;1144.0;;671;200.0;173.7;357153.0;1053.0;;200.0;189.52499999999998
672;200.0;185.5;374753.0;1108.0;;672;200.0;199.6;383073.0;1134.0;;672;200.0;199.7;387233.0;1147.0;;672;200.0;174.2;358113.0;1056.0;;200.0;189.75
673;200.0;186.0;375393.0;1110.0;;673;200.0;199.6;384033.0;1137.0;;673;200.0;199.7;387873.0;1149.0;;673;200.0;174.7;358753.0;1058.0;;200.0;190.0
674;200.0;186.4;376353.0;1113.0;;674;200.0;199.6;384673.0;1139.0;;674;200.0;199.7;388833.0;1152.0;;674;200.0;175.0;359713.0;1061.0;;200.0;190.175
675;200.0;186.9;376993.0;1115.0;;675;200.0;199.6;385633.0;1142.0;;675;200.0;199.7;389473.0;1154.0;;675;200.0;175.5;360353.0;1063.0;;200.0;190.425
676;200.0;187.5;377953.0;1118.0;;676;200.0;199.8;386273.0;1144.0;;676;200.0;199.8;390433.0;1157.0;;676;200.0;176.0;361313.0;1066.0;;200.0;190.775
677;200.0;187.6;378593.0;1120.0;;677;200.0;199.8;387233.0;1147.0;;677;200.0;199.8;391073.0;1159.0;;677;200.0;176.5;361953.0;1068.0;;200.0;190.925
678;200.0;188.1;379553.0;1123.0;;678;200.0;199.8;387873.0;1149.0;;678;200.0;199.8;392033.0;1162.0;;678;200.0;177.0;362913.0;1071.0;;200.0;191.175
679;200.0;188.4;380193.0;1125.0;;679;200.0;199.9;388833.0;1152.0;;679;200.0;199.8;392673.0;1164.0;;679;200.0;177.4;363553.0;1073.0;;200.0;191.375
680;200.0;188.8;381153.0;1128.0;;680;200.0;199.9;389473.0;1154.0;;680;200;200;0;0;;680;200.0;178.0;364513.0;1076.0;;200.0;191.675
681;200.0;189.2;381793.0;1130.0;;681;200.0;200.0;390433.0;1157.0;;681;200;200;0;0;;681;200.0;178.5;365153.0;1078.0;;200.0;191.925
682;200.0;189.7;382753.0;1133.0;;682;200.0;200.0;391073.0;1159.0;;682;200;200;0;0;;682;200.0;178.9;366113.0;1081.0;;200.0;192.15
683;200.0;190.2;383393.0;1135.0;;683;200.0;200.0;392033.0;1162.0;;683;200;200;0;0;;683;200.0;179.3;366753.0;1083.0;;200.0;192.375
684;200.0;190.6;384353.0;1138.0;;684;200.0;200.0;392673.0;1164.0;;684;200;200;0;0;;684;200.0;179.8;367713.0;1086.0;;200.0;192.6
685;200.0;191.1;384993.0;1140.0;;685;200;200;0;0;;685;200;200;0;0;;685;200.0;180.1;368353.0;1088.0;;200.0;192.8
686;200.0;191.6;385953.0;1143.0;;686;200;200;0;0;;686;200;200;0;0;;686;200.0;180.2;369313.0;1091.0;;200.0;192.95
687;200.0;191.9;386593.0;1145.0;;687;200;200;0;0;;687;200;200;0;0;;687;200.0;180.5;369953.0;1093.0;;200.0;193.1
688;200.0;192.3;387553.0;1148.0;;688;200;200;0;0;;688;200;200;0;0;;688;200.0;180.9;370913.0;1096.0;;200.0;193.3
689;200.0;192.5;388193.0;1150.0;;689;200;200;0;0;;689;200;200;0;0;;689;200.0;181.5;371553.0;1098.0;;200.0;193.5
690;200.0;193.0;389153.0;1153.0;;690;200;200;0;0;;690;200;200;0;0;;690;200.0;181.8;372513.0;1101.0;;200.0;193.7
691;200.0;193.2;389793.0;1155.0;;691;200;200;0;0;;691;200;200;0;0;;691;200.0;182.3;373153.0;1103.0;;200.0;193.875
692;200.0;193.6;390753.0;1158.0;;692;200;200;0;0;;692;200;200;0;0;;692;200.0;182.6;374113.0;1106.0;;200.0;194.05
693;200.0;194.0;391393.0;1160.0;;693;200;200;0;0;;693;200;200;0;0;;693;200.0;183.2;374753.0;1108.0;;200.0;194.3
694;200.0;194.3;392353.0;1163.0;;694;200;200;0;0;;694;200;200;0;0;;694;200.0;183.6;375713.0;1111.0;;200.0;194.475
695;200;200;0;0;;695;200;200;0;0;;695;200;200;0;0;;695;200.0;184.0;376353.0;1113.0;;200.0;196.0
696;200;200;0;0;;696;200;200;0;0;;696;200;200;0;0;;696;200.0;184.3;377313.0;1116.0;;200.0;196.075
697;200;200;0;0;;697;200;200;0;0;;697;200;200;0;0;;697;200.0;184.8;377953.0;1118.0;;200.0;196.2
698;200;200;0;0;;698;200;200;0;0;;698;200;200;0;0;;698;200.0;185.1;378913.0;1121.0;;200.0;196.275
699;200;200;0;0;;699;200;200;0;0;;699;200;200;0;0;;699;200.0;185.5;379553.0;1123.0;;200.0;196.375
700;200;200;0;0;;700;200;200;0;0;;700;200;200;0;0;;700;200.0;185.8;380513.0;1126.0;;200.0;196.45
701;200;200;0;0;;701;200;200;0;0;;701;200;200;0;0;;701;200.0;186.2;381153.0;1128.0;;200.0;196.55
702;200;200;0;0;;702;200;200;0;0;;702;200;200;0;0;;702;200.0;186.6;382113.0;1131.0;;200.0;196.65
703;200;200;0;0;;703;200;200;0;0;;703;200;200;0;0;;703;200.0;187.0;382753.0;1133.0;;200.0;196.75
704;200;200;0;0;;704;200;200;0;0;;704;200;200;0;0;;704;200.0;187.4;383713.0;1136.0;;200.0;196.85
705;200;200;0;0;;705;200;200;0;0;;705;200;200;0;0;;705;200.0;187.9;384353.0;1138.0;;200.0;196.975
706;200;200;0;0;;706;200;200;0;0;;706;200;200;0;0;;706;200.0;188.3;385313.0;1141.0;;200.0;197.075
707;200;200;0;0;;707;200;200;0;0;;707;200;200;0;0;;707;200.0;188.6;385953.0;1143.0;;200.0;197.15
708;200;200;0;0;;708;200;200;0;0;;708;200;200;0;0;;708;200.0;189.0;386913.0;1146.0;;200.0;197.25
709;200;200;0;0;;709;200;200;0;0;;709;200;200;0;0;;709;200.0;189.3;387553.0;1148.0;;200.0;197.325
710;200;200;0;0;;710;200;200;0;0;;710;200;200;0;0;;710;200.0;189.7;388513.0;1151.0;;200.0;197.425
711;200;200;0;0;;711;200;200;0;0;;711;200;200;0;0;;711;200.0;190.2;389153.0;1153.0;;200.0;197.55
712;200;200;0;0;;712;200;200;0;0;;712;200;200;0;0;;712;200.0;190.5;390113.0;1156.0;;200.0;197.625
713;200;200;0;0;;713;200;200;0;0;;713;200;200;0;0;;713;200.0;190.7;390753.0;1158.0;;200.0;197.675
714;200;200;0;0;;714;200;200;0;0;;714;200;200;0;0;;714;200.0;191.2;391713.0;1161.0;;200.0;197.8
715;200;200;0;0;;715;200;200;0;0;;715;200;200;0;0;;715;200.0;191.7;392353.0;1163.0;;200.0;197.925
