episode;reward0;avg_reward0;t_global;cr;;avg_reward;avg_avg_reward
1;11.0;11.0;0.0;0;;11.0;11.0
2;15.0;13.0;0.0;0;;15.0;13.0
3;9.0;11.7;0.0;0;;9.0;11.7
4;13.0;12.0;0.0;0;;13.0;12.0
5;13.0;12.2;0.0;0;;13.0;12.2
6;21.0;13.7;0.0;0;;21.0;13.7
7;22.0;14.9;0.0;0;;22.0;14.9
8;17.0;15.1;0.0;0;;17.0;15.1
9;14.0;15.0;0.0;0;;14.0;15.0
10;18.0;15.3;0.0;0;;18.0;15.3
11;14.0;15.2;0.0;0;;14.0;15.2
12;16.0;15.2;0.0;0;;16.0;15.2
13;27.0;16.2;0.0;0;;27.0;16.2
14;9.0;15.6;0.0;0;;9.0;15.6
15;20.0;15.9;0.0;0;;20.0;15.9
16;9.0;15.5;0.0;0;;9.0;15.5
17;11.0;15.2;0.0;0;;11.0;15.2
18;13.0;15.1;0.0;0;;13.0;15.1
19;24.0;15.6;0.0;0;;24.0;15.6
20;48.0;17.2;0.0;0;;48.0;17.2
21;21.0;17.4;0.0;0;;21.0;17.4
22;25.0;17.7;0.0;0;;25.0;17.7
23;24.0;18.0;0.0;0;;24.0;18.0
24;17.0;18.0;0.0;0;;17.0;18.0
25;16.0;17.9;0.0;0;;16.0;17.9
26;16.0;17.8;0.0;0;;16.0;17.8
27;18.0;17.8;0.0;0;;18.0;17.8
28;11.0;17.6;0.0;0;;11.0;17.6
29;27.0;17.9;0.0;0;;27.0;17.9
30;13.0;17.7;0.0;0;;13.0;17.7
31;19.0;17.8;0.0;0;;19.0;17.8
32;21.0;17.9;0.0;0;;21.0;17.9
33;11.0;17.7;0.0;0;;11.0;17.7
34;62.0;19.0;0.0;0;;62.0;19.0
35;18.0;18.9;0.0;0;;18.0;18.9
36;17.0;18.9;0.0;0;;17.0;18.9
37;29.0;19.2;0.0;0;;29.0;19.2
38;13.0;19.0;0.0;0;;13.0;19.0
39;31.0;19.3;0.0;0;;31.0;19.3
40;24.0;19.4;0.0;0;;24.0;19.4
41;28.0;19.6;0.0;0;;28.0;19.6
42;13.0;19.5;0.0;0;;13.0;19.5
43;22.0;19.5;0.0;0;;22.0;19.5
44;27.0;19.7;0.0;0;;27.0;19.7
45;13.0;19.6;0.0;0;;13.0;19.6
46;30.0;19.8;0.0;0;;30.0;19.8
47;24.0;19.9;0.0;0;;24.0;19.9
48;15.0;19.8;0.0;0;;15.0;19.8
49;16.0;19.7;0.0;0;;16.0;19.7
50;27.0;19.8;0.0;0;;27.0;19.8
51;61.0;20.6;0.0;0;;61.0;20.6
52;19.0;20.6;0.0;0;;19.0;20.6
53;21.0;20.6;0.0;0;;21.0;20.6
54;13.0;20.5;100.0;0.0;;13.0;20.5
55;70.0;21.4;100.0;0.0;;70.0;21.4
56;21.0;21.4;100.0;0.0;;21.0;21.4
57;23.0;21.4;200.0;1.0;;23.0;21.4
58;47.0;21.8;200.0;1.0;;47.0;21.8
59;64.0;22.6;300.0;2.0;;64.0;22.6
60;34.0;22.8;300.0;2.0;;34.0;22.8
61;29.0;22.9;300.0;2.0;;29.0;22.9
62;17.0;22.8;400.0;3.0;;17.0;22.8
63;17.0;22.7;400.0;3.0;;17.0;22.7
64;24.0;22.7;400.0;3.0;;24.0;22.7
65;17.0;22.6;400.0;3.0;;17.0;22.6
66;10.0;22.4;400.0;3.0;;10.0;22.4
67;12.0;22.3;400.0;3.0;;12.0;22.3
68;19.0;22.2;500.0;4.0;;19.0;22.2
69;14.0;22.1;500.0;4.0;;14.0;22.1
70;52.0;22.5;500.0;4.0;;52.0;22.5
71;9.0;22.3;500.0;4.0;;9.0;22.3
72;12.0;22.2;500.0;4.0;;12.0;22.2
73;10.0;22.0;600.0;5.0;;10.0;22.0
74;11.0;21.9;600.0;5.0;;11.0;21.9
75;22.0;21.9;600.0;5.0;;22.0;21.9
76;14.0;21.8;600.0;5.0;;14.0;21.8
77;14.0;21.7;600.0;5.0;;14.0;21.7
78;18.0;21.6;600.0;5.0;;18.0;21.6
79;11.0;21.5;600.0;5.0;;11.0;21.5
80;25.0;21.5;700.0;6.0;;25.0;21.5
81;61.0;22.0;700.0;6.0;;61.0;22.0
82;25.0;22.0;800.0;7.0;;25.0;22.0
83;23.0;22.1;800.0;7.0;;23.0;22.1
84;17.0;22.0;800.0;7.0;;17.0;22.0
85;12.0;21.9;800.0;7.0;;12.0;21.9
86;19.0;21.8;800.0;7.0;;19.0;21.8
87;12.0;21.7;800.0;7.0;;12.0;21.7
88;18.0;21.7;900.0;8.0;;18.0;21.7
89;18.0;21.7;900.0;8.0;;18.0;21.7
90;14.0;21.6;900.0;8.0;;14.0;21.6
91;12.0;21.5;900.0;8.0;;12.0;21.5
92;15.0;21.4;900.0;8.0;;15.0;21.4
93;10.0;21.3;900.0;8.0;;10.0;21.3
94;18.0;21.2;900.0;8.0;;18.0;21.2
95;65.0;21.7;1000.0;9.0;;65.0;21.7
96;17.0;21.6;1000.0;9.0;;17.0;21.6
97;46.0;21.9;1100.0;10.0;;46.0;21.9
98;25.0;21.9;1100.0;10.0;;25.0;21.9
99;13.0;21.8;1100.0;10.0;;13.0;21.8
100;25.0;21.9;1100.0;10.0;;25.0;21.9
101;13.0;21.9;1100.0;10.0;;13.0;21.9
102;17.0;21.9;1200.0;11.0;;17.0;21.9
103;15.0;22.0;1200.0;11.0;;15.0;22.0
104;34.0;22.2;1200.0;11.0;;34.0;22.2
105;16.0;22.2;1200.0;11.0;;16.0;22.2
106;14.0;22.1;1200.0;11.0;;14.0;22.1
107;10.0;22.0;1300.0;12.0;;10.0;22.0
108;20.0;22.0;1300.0;12.0;;20.0;22.0
109;13.0;22.0;1300.0;12.0;;13.0;22.0
110;18.0;22.0;1300.0;12.0;;18.0;22.0
111;15.0;22.0;1300.0;12.0;;15.0;22.0
112;19.0;22.1;1300.0;12.0;;19.0;22.1
113;24.0;22.0;1399.0;13.0;;24.0;22.0
114;12.0;22.1;1399.0;13.0;;12.0;22.1
115;26.0;22.1;1399.0;13.0;;26.0;22.1
116;19.0;22.2;1399.0;13.0;;19.0;22.2
117;26.0;22.4;1399.0;13.0;;26.0;22.4
118;25.0;22.5;1498.0;14.0;;25.0;22.5
119;26.0;22.5;1498.0;14.0;;26.0;22.5
120;18.0;22.2;1498.0;14.0;;18.0;22.2
121;13.0;22.2;1498.0;14.0;;13.0;22.2
122;27.0;22.2;1597.0;15.0;;27.0;22.2
123;26.0;22.2;1597.0;15.0;;26.0;22.2
124;29.0;22.3;1597.0;15.0;;29.0;22.3
125;14.0;22.3;1597.0;15.0;;14.0;22.3
126;17.0;22.3;1597.0;15.0;;17.0;22.3
127;12.0;22.2;1696.0;16.0;;12.0;22.2
128;13.0;22.3;1696.0;16.0;;13.0;22.3
129;22.0;22.2;1696.0;16.0;;22.0;22.2
130;24.0;22.3;1696.0;16.0;;24.0;22.3
131;18.0;22.3;1696.0;16.0;;18.0;22.3
132;18.0;22.3;1795.0;17.0;;18.0;22.3
133;9.0;22.3;1795.0;17.0;;9.0;22.3
134;20.0;21.8;1795.0;17.0;;20.0;21.8
135;14.0;21.8;1795.0;17.0;;14.0;21.8
136;19.0;21.8;1795.0;17.0;;19.0;21.8
137;11.0;21.6;1795.0;17.0;;11.0;21.6
138;14.0;21.6;1795.0;17.0;;14.0;21.6
139;15.0;21.5;1894.0;18.0;;15.0;21.5
140;20.0;21.4;1894.0;18.0;;20.0;21.4
141;14.0;21.3;1894.0;18.0;;14.0;21.3
142;15.0;21.3;1894.0;18.0;;15.0;21.3
143;19.0;21.3;1894.0;18.0;;19.0;21.3
144;20.0;21.2;1894.0;18.0;;20.0;21.2
145;12.0;21.2;1993.0;19.0;;12.0;21.2
146;14.0;21.1;1993.0;19.0;;14.0;21.1
147;41.0;21.2;1993.0;19.0;;41.0;21.2
148;17.0;21.2;1993.0;19.0;;17.0;21.2
149;20.0;21.3;2092.0;20.0;;20.0;21.3
150;17.0;21.2;2092.0;20.0;;17.0;21.2
151;10.0;20.7;2092.0;20.0;;10.0;20.7
152;26.0;20.8;2092.0;20.0;;26.0;20.8
153;27.0;20.8;2092.0;20.0;;27.0;20.8
154;21.0;20.9;2191.0;21.0;;21.0;20.9
155;24.0;20.4;2191.0;21.0;;24.0;20.4
156;28.0;20.5;2191.0;21.0;;28.0;20.5
157;22.0;20.5;2191.0;21.0;;22.0;20.5
158;16.0;20.2;2191.0;21.0;;16.0;20.2
159;58.0;20.1;2290.0;22.0;;58.0;20.1
160;35.0;20.1;2290.0;22.0;;35.0;20.1
161;76.0;20.6;2389.0;23.0;;76.0;20.6
162;33.0;20.8;2389.0;23.0;;33.0;20.8
163;26.0;20.8;2488.0;24.0;;26.0;20.8
164;32.0;20.9;2488.0;24.0;;32.0;20.9
165;50.0;21.3;2587.0;25.0;;50.0;21.3
166;26.0;21.4;2587.0;25.0;;26.0;21.4
167;13.0;21.4;2587.0;25.0;;13.0;21.4
168;16.0;21.4;2587.0;25.0;;16.0;21.4
169;34.0;21.6;2587.0;25.0;;34.0;21.6
170;22.0;21.3;2686.0;26.0;;22.0;21.3
171;28.0;21.5;2686.0;26.0;;28.0;21.5
172;24.0;21.6;2686.0;26.0;;24.0;21.6
173;16.0;21.7;2686.0;26.0;;16.0;21.7
174;17.0;21.7;2785.0;27.0;;17.0;21.7
175;22.0;21.7;2785.0;27.0;;22.0;21.7
176;29.0;21.9;2785.0;27.0;;29.0;21.9
177;61.0;22.4;2884.0;28.0;;61.0;22.4
178;78.0;23.0;2884.0;28.0;;78.0;23.0
179;41.0;23.2;2983.0;29.0;;41.0;23.2
180;24.0;23.2;2983.0;29.0;;24.0;23.2
181;92.0;23.6;3082.0;30.0;;92.0;23.6
182;27.0;23.6;3082.0;30.0;;27.0;23.6
183;27.0;23.6;3181.0;31.0;;27.0;23.6
184;58.0;24.0;3181.0;31.0;;58.0;24.0
185;57.0;24.5;3280.0;32.0;;57.0;24.5
186;69.0;25.0;3280.0;32.0;;69.0;25.0
187;15.0;25.0;3379.0;33.0;;15.0;25.0
188;18.0;25.0;3379.0;33.0;;18.0;25.0
189;39.0;25.2;3379.0;33.0;;39.0;25.2
190;26.0;25.3;3379.0;33.0;;26.0;25.3
191;34.0;25.6;3478.0;34.0;;34.0;25.6
192;27.0;25.7;3478.0;34.0;;27.0;25.7
193;25.0;25.8;3478.0;34.0;;25.0;25.8
194;35.0;26.0;3577.0;35.0;;35.0;26.0
195;79.0;26.1;3577.0;35.0;;79.0;26.1
196;19.0;26.2;3676.0;36.0;;19.0;26.2
197;46.0;26.2;3676.0;36.0;;46.0;26.2
198;28.0;26.2;3676.0;36.0;;28.0;26.2
199;90.0;27.0;3775.0;37.0;;90.0;27.0
200;33.0;27.0;3873.0;38.0;;33.0;27.0
201;37.0;27.3;3873.0;38.0;;37.0;27.3
202;15.0;27.2;3873.0;38.0;;15.0;27.2
203;46.0;27.6;3971.0;39.0;;46.0;27.6
204;59.0;27.8;3971.0;39.0;;59.0;27.8
205;54.0;28.2;4069.0;40.0;;54.0;28.2
206;42.0;28.5;4069.0;40.0;;42.0;28.5
207;41.0;28.8;4167.0;41.0;;41.0;28.8
208;26.0;28.8;4167.0;41.0;;26.0;28.8
209;29.0;29.0;4167.0;41.0;;29.0;29.0
210;112.0;29.9;4265.0;42.0;;112.0;29.9
211;29.0;30.1;4363.0;43.0;;29.0;30.1
212;35.0;30.2;4363.0;43.0;;35.0;30.2
213;72.0;30.7;4461.0;44.0;;72.0;30.7
214;62.0;31.2;4461.0;44.0;;62.0;31.2
215;46.0;31.4;4559.0;45.0;;46.0;31.4
216;73.0;32.0;4657.0;46.0;;73.0;32.0
217;50.0;32.2;4657.0;46.0;;50.0;32.2
218;34.0;32.3;4657.0;46.0;;34.0;32.3
219;19.0;32.2;4755.0;47.0;;19.0;32.2
220;31.0;32.4;4755.0;47.0;;31.0;32.4
221;48.0;32.7;4755.0;47.0;;48.0;32.7
222;52.0;33.0;4853.0;48.0;;52.0;33.0
223;164.0;34.3;5049.0;50.0;;164.0;34.3
224;52.0;34.6;5049.0;50.0;;52.0;34.6
225;59.0;35.0;5147.0;51.0;;59.0;35.0
226;104.0;35.9;5245.0;52.0;;104.0;35.9
227;77.0;36.5;5343.0;53.0;;77.0;36.5
228;24.0;36.6;5343.0;53.0;;24.0;36.6
229;50.0;36.9;5343.0;53.0;;50.0;36.9
230;49.0;37.2;5441.0;54.0;;49.0;37.2
231;55.0;37.5;5441.0;54.0;;55.0;37.5
232;93.0;38.3;5539.0;55.0;;93.0;38.3
233;50.0;38.7;5637.0;56.0;;50.0;38.7
234;36.0;38.9;5637.0;56.0;;36.0;38.9
235;45.0;39.2;5735.0;57.0;;45.0;39.2
236;65.0;39.6;5735.0;57.0;;65.0;39.6
237;77.0;40.3;5833.0;58.0;;77.0;40.3
238;62.0;40.8;5931.0;59.0;;62.0;40.8
239;29.0;40.9;5931.0;59.0;;29.0;40.9
240;71.0;41.4;6029.0;60.0;;71.0;41.4
241;70.0;42.0;6127.0;61.0;;70.0;42.0
242;105.0;42.9;6225.0;62.0;;105.0;42.9
243;48.0;43.2;6225.0;62.0;;48.0;43.2
244;55.0;43.5;6322.0;63.0;;55.0;43.5
245;86.0;44.3;6419.0;64.0;;86.0;44.3
246;58.0;44.7;6419.0;64.0;;58.0;44.7
247;52.0;44.8;6516.0;65.0;;52.0;44.8
248;50.0;45.1;6516.0;65.0;;50.0;45.1
249;112.0;46.1;6613.0;66.0;;112.0;46.1
250;51.0;46.4;6710.0;67.0;;51.0;46.4
251;58.0;46.9;6807.0;68.0;;58.0;46.9
252;81.0;47.4;6807.0;68.0;;81.0;47.4
253;65.0;47.8;6904.0;69.0;;65.0;47.8
254;77.0;48.4;7001.0;70.0;;77.0;48.4
255;49.0;48.6;7001.0;70.0;;49.0;48.6
256;64.0;49.0;7098.0;71.0;;64.0;49.0
257;109.0;49.8;7195.0;72.0;;109.0;49.8
258;47.0;50.2;7292.0;73.0;;47.0;50.2
259;60.0;50.2;7292.0;73.0;;60.0;50.2
260;58.0;50.4;7389.0;74.0;;58.0;50.4
261;58.0;50.2;7389.0;74.0;;58.0;50.2
262;82.0;50.7;7486.0;75.0;;82.0;50.7
263;131.0;51.8;7680.0;77.0;;131.0;51.8
264;75.0;52.2;7680.0;77.0;;75.0;52.2
265;48.0;52.2;7777.0;78.0;;48.0;52.2
266;71.0;52.6;7874.0;79.0;;71.0;52.6
267;72.0;53.2;7874.0;79.0;;72.0;53.2
268;87.0;53.9;7971.0;80.0;;87.0;53.9
269;64.0;54.2;8068.0;81.0;;64.0;54.2
270;89.0;54.9;8165.0;82.0;;89.0;54.9
271;126.0;55.9;8262.0;83.0;;126.0;55.9
272;63.0;56.3;8359.0;84.0;;63.0;56.3
273;58.0;56.7;8359.0;84.0;;58.0;56.7
274;93.0;57.4;8456.0;85.0;;93.0;57.4
275;75.0;58.0;8553.0;86.0;;75.0;58.0
276;98.0;58.7;8650.0;87.0;;98.0;58.7
277;94.0;59.0;8746.0;88.0;;94.0;59.0
278;104.0;59.3;8842.0;89.0;;104.0;59.3
279;102.0;59.9;8938.0;90.0;;102.0;59.9
280;105.0;60.7;9034.0;91.0;;105.0;60.7
281;94.0;60.7;9130.0;92.0;;94.0;60.7
282;107.0;61.5;9226.0;93.0;;107.0;61.5
283;83.0;62.1;9322.0;94.0;;83.0;62.1
284;98.0;62.5;9418.0;95.0;;98.0;62.5
285;127.0;63.2;9610.0;97.0;;127.0;63.2
286;72.0;63.2;9610.0;97.0;;72.0;63.2
287;88.0;63.9;9706.0;98.0;;88.0;63.9
288;126.0;65.0;9898.0;100.0;;126.0;65.0
289;135.0;66.0;9994.0;101.0;;135.0;66.0
290;98.0;66.7;10090.0;102.0;;98.0;66.7
291;133.0;67.7;10186.0;103.0;;133.0;67.7
292;114.0;68.5;10378.0;105.0;;114.0;68.5
293;161.0;69.9;10474.0;106.0;;161.0;69.9
294;117.0;70.7;10570.0;107.0;;117.0;70.7
295;117.0;71.1;10762.0;109.0;;117.0;71.1
296;114.0;72.0;10858.0;110.0;;114.0;72.0
297;154.0;73.1;11050.0;112.0;;154.0;73.1
298;146.0;74.3;11145.0;113.0;;146.0;74.3
299;137.0;74.8;11240.0;114.0;;137.0;74.8
300;134.0;75.8;11430.0;116.0;;134.0;75.8
301;148.0;76.9;11525.0;117.0;;148.0;76.9
302;195.0;78.7;11810.0;120.0;;195.0;78.7
303;160.0;79.8;11905.0;121.0;;160.0;79.8
304;144.0;80.7;12095.0;123.0;;144.0;80.7
305;152.0;81.7;12190.0;124.0;;152.0;81.7
306;139.0;82.6;12380.0;126.0;;139.0;82.6
307;177.0;84.0;12570.0;128.0;;177.0;84.0
308;139.0;85.1;12665.0;129.0;;139.0;85.1
309;132.0;86.2;12760.0;130.0;;132.0;86.2
310;128.0;86.3;12950.0;132.0;;128.0;86.3
311;137.0;87.4;13045.0;133.0;;137.0;87.4
312;157.0;88.6;13235.0;135.0;;157.0;88.6
313;136.0;89.3;13330.0;136.0;;136.0;89.3
314;145.0;90.1;13519.0;138.0;;145.0;90.1
315;134.0;91.0;13613.0;139.0;;134.0;91.0
316;139.0;91.6;13801.0;141.0;;139.0;91.6
317;156.0;92.7;13895.0;142.0;;156.0;92.7
318;120.0;93.6;14083.0;144.0;;120.0;93.6
319;129.0;94.6;14177.0;145.0;;129.0;94.6
320;113.0;95.5;14271.0;146.0;;113.0;95.5
321;125.0;96.2;14459.0;148.0;;125.0;96.2
322;126.0;97.0;14553.0;149.0;;126.0;97.0
323;147.0;96.8;14741.0;151.0;;147.0;96.8
324;147.0;97.8;14835.0;152.0;;147.0;97.8
325;133.0;98.5;15023.0;154.0;;133.0;98.5
326;159.0;99.0;15117.0;155.0;;159.0;99.0
327;138.0;99.7;15305.0;157.0;;138.0;99.7
328;149.0;100.9;15399.0;158.0;;149.0;100.9
329;135.0;101.8;15587.0;160.0;;135.0;101.8
330;122.0;102.5;15681.0;161.0;;122.0;102.5
331;134.0;103.3;15775.0;162.0;;134.0;103.3
332;137.0;103.7;15961.0;164.0;;137.0;103.7
333;149.0;104.7;16147.0;166.0;;149.0;104.7
334;133.0;105.7;16240.0;167.0;;133.0;105.7
335;159.0;106.8;16426.0;169.0;;159.0;106.8
336;136.0;107.5;16519.0;170.0;;136.0;107.5
337;147.0;108.2;16705.0;172.0;;147.0;108.2
338;164.0;109.2;16798.0;173.0;;164.0;109.2
339;147.0;110.4;16984.0;175.0;;147.0;110.4
340;141.0;111.1;17170.0;177.0;;141.0;111.1
341;147.0;111.9;17263.0;178.0;;147.0;111.9
342;145.0;112.3;17449.0;180.0;;145.0;112.3
343;156.0;113.4;17542.0;181.0;;156.0;113.4
344;200.0;114.8;17821.0;184.0;;200.0;114.8
345;174.0;115.7;17914.0;185.0;;174.0;115.7
346;194.0;117.1;18100.0;187.0;;194.0;117.1
347;192.0;118.5;18376.0;190.0;;192.0;118.5
348;144.0;119.4;18468.0;191.0;;144.0;119.4
349;142.0;119.7;18652.0;193.0;;142.0;119.7
350;138.0;120.6;18744.0;194.0;;138.0;120.6
351;177.0;121.8;18928.0;196.0;;177.0;121.8
352;153.0;122.5;19112.0;198.0;;153.0;122.5
353;189.0;123.7;19296.0;200.0;;189.0;123.7
354;141.0;124.4;19388.0;201.0;;141.0;124.4
355;189.0;125.8;19572.0;203.0;;189.0;125.8
356;173.0;126.9;19756.0;205.0;;173.0;126.9
357;200.0;127.8;19940.0;207.0;;200.0;127.8
358;200.0;129.3;20216.0;210.0;;200.0;129.3
359;200.0;130.7;20400.0;212.0;;200.0;130.7
360;200.0;132.1;20582.0;214.0;;200.0;132.1
361;200.0;133.5;20764.0;216.0;;200.0;133.5
362;200.0;134.7;20946.0;218.0;;200.0;134.7
363;170.0;135.1;21128.0;220.0;;170.0;135.1
364;176.0;136.1;21310.0;222.0;;176.0;136.1
365;200.0;137.6;21492.0;224.0;;200.0;137.6
366;190.0;138.8;21765.0;227.0;;190.0;138.8
367;200.0;140.1;21947.0;229.0;;200.0;140.1
368;200.0;141.2;22129.0;231.0;;200.0;141.2
369;200.0;142.6;22311.0;233.0;;200.0;142.6
370;199.0;143.7;22493.0;235.0;;199.0;143.7
371;200.0;144.4;22675.0;237.0;;200.0;144.4
372;200.0;145.8;22945.0;240.0;;200.0;145.8
373;200.0;147.2;23125.0;242.0;;200.0;147.2
374;162.0;147.9;23305.0;244.0;;162.0;147.9
375;185.0;149.0;23485.0;246.0;;185.0;149.0
376;200.0;150.0;23665.0;248.0;;200.0;150.0
377;200.0;151.1;23845.0;250.0;;200.0;151.1
378;200.0;152.1;24025.0;252.0;;200.0;152.1
379;200.0;153.0;24295.0;255.0;;200.0;153.0
380;196.0;154.0;24475.0;257.0;;196.0;154.0
381;169.0;154.7;24655.0;259.0;;169.0;154.7
382;200.0;155.6;24835.0;261.0;;200.0;155.6
383;176.0;156.6;25014.0;263.0;;176.0;156.6
384;200.0;157.6;25192.0;265.0;;200.0;157.6
385;179.0;158.1;25370.0;267.0;;179.0;158.1
386;190.0;159.3;25548.0;269.0;;190.0;159.3
387;193.0;160.3;25726.0;271.0;;193.0;160.3
388;190.0;161.0;25993.0;274.0;;190.0;161.0
389;183.0;161.4;26171.0;276.0;;183.0;161.4
390;200.0;162.5;26349.0;278.0;;200.0;162.5
391;163.0;162.8;26527.0;280.0;;163.0;162.8
392;170.0;163.3;26705.0;282.0;;170.0;163.3
393;194.0;163.7;26883.0;284.0;;194.0;163.7
394;184.0;164.3;27061.0;286.0;;184.0;164.3
395;200.0;165.2;27238.0;288.0;;200.0;165.2
396;139.0;165.4;27414.0;290.0;;139.0;165.4
397;145.0;165.3;27502.0;291.0;;145.0;165.3
398;170.0;165.6;27678.0;293.0;;170.0;165.6
399;167.0;165.9;27854.0;295.0;;167.0;165.9
400;200.0;166.5;28118.0;298.0;;200.0;166.5
401;192.0;167.0;28294.0;300.0;;192.0;167.0
402;200.0;167.0;28470.0;302.0;;200.0;167.0
403;168.0;167.1;28646.0;304.0;;168.0;167.1
404;157.0;167.2;28822.0;306.0;;157.0;167.2
405;200.0;167.7;28998.0;308.0;;200.0;167.7
406;181.0;168.1;29174.0;310.0;;181.0;168.1
407;192.0;168.3;29350.0;312.0;;192.0;168.3
408;200.0;168.9;29524.0;314.0;;200.0;168.9
409;197.0;169.5;29785.0;317.0;;197.0;169.5
410;200.0;170.2;29959.0;319.0;;200.0;170.2
411;183.0;170.7;30133.0;321.0;;183.0;170.7
412;200.0;171.1;30307.0;323.0;;200.0;171.1
413;200.0;171.8;30568.0;326.0;;200.0;171.8
414;200.0;172.3;30742.0;328.0;;200.0;172.3
415;200.0;173.0;30916.0;330.0;;200.0;173.0
416;179.0;173.4;31090.0;332.0;;179.0;173.4
417;200.0;173.8;31351.0;335.0;;200.0;173.8
418;200.0;174.6;31525.0;337.0;;200.0;174.6
419;200.0;175.3;31697.0;339.0;;200.0;175.3
420;200.0;176.2;31955.0;342.0;;200.0;176.2
421;200.0;177.0;32127.0;344.0;;200.0;177.0
422;200.0;177.7;32299.0;346.0;;200.0;177.7
423;200.0;178.2;32557.0;349.0;;200.0;178.2
424;198.0;178.7;32729.0;351.0;;198.0;178.7
425;200.0;179.4;32901.0;353.0;;200.0;179.4
426;200.0;179.8;33159.0;356.0;;200.0;179.8
427;200.0;180.4;33331.0;358.0;;200.0;180.4
428;200.0;181.0;33503.0;360.0;;200.0;181.0
429;200.0;181.6;33760.0;363.0;;200.0;181.6
430;185.0;182.2;33930.0;365.0;;185.0;182.2
431;200.0;182.9;34100.0;367.0;;200.0;182.9
432;200.0;183.5;34270.0;369.0;;200.0;183.5
433;200.0;184.0;34525.0;372.0;;200.0;184.0
434;200.0;184.7;34695.0;374.0;;200.0;184.7
435;200.0;185.1;34950.0;377.0;;200.0;185.1
436;200.0;185.8;35120.0;379.0;;200.0;185.8
437;200.0;186.3;35290.0;381.0;;200.0;186.3
438;200.0;186.6;35545.0;384.0;;200.0;186.6
439;200.0;187.2;35715.0;386.0;;200.0;187.2
440;200.0;187.8;35884.0;388.0;;200.0;187.8
441;200.0;188.3;36136.0;391.0;;200.0;188.3
442;200.0;188.8;36304.0;393.0;;200.0;188.8
443;200.0;189.3;36472.0;395.0;;200.0;189.3
444;184.0;189.1;36724.0;398.0;;184.0;189.1
445;200.0;189.4;36892.0;400.0;;200.0;189.4
446;200.0;189.4;37060.0;402.0;;200.0;189.4
447;200.0;189.5;37312.0;405.0;;200.0;189.5
448;200.0;190.1;37480.0;407.0;;200.0;190.1
449;200.0;190.7;37732.0;410.0;;200.0;190.7
450;200.0;191.3;37900.0;412.0;;200.0;191.3
451;200.0;191.5;38066.0;414.0;;200.0;191.5
452;200.0;192.0;38315.0;417.0;;200.0;192.0
453;200.0;192.1;38481.0;419.0;;200.0;192.1
454;200.0;192.7;38730.0;422.0;;200.0;192.7
455;200.0;192.8;38896.0;424.0;;200.0;192.8
456;200.0;193.1;39062.0;426.0;;200.0;193.1
457;200.0;193.1;39311.0;429.0;;200.0;193.1
458;200.0;193.1;39477.0;431.0;;200.0;193.1
459;200.0;193.1;39726.0;434.0;;200.0;193.1
460;200.0;193.1;39892.0;436.0;;200.0;193.1
461;200.0;193.1;40057.0;438.0;;200.0;193.1
462;200.0;193.1;40303.0;441.0;;200.0;193.1
463;200.0;193.4;40467.0;443.0;;200.0;193.4
464;200.0;193.6;40713.0;446.0;;200.0;193.6
465;200.0;193.6;40877.0;448.0;;200.0;193.6
466;200.0;193.7;41123.0;451.0;;200.0;193.7
467;200.0;193.7;41287.0;453.0;;200.0;193.7
468;200.0;193.7;41533.0;456.0;;200.0;193.7
469;200.0;193.7;41697.0;458.0;;200.0;193.7
470;200.0;193.7;41861.0;460.0;;200.0;193.7
471;200.0;193.7;42106.0;463.0;;200.0;193.7
472;200.0;193.7;42268.0;465.0;;200.0;193.7
473;200.0;193.7;42511.0;468.0;;200.0;193.7
474;200.0;194.1;42673.0;470.0;;200.0;194.1
475;200.0;194.2;42916.0;473.0;;200.0;194.2
476;200.0;194.2;43078.0;475.0;;200.0;194.2
477;200.0;194.2;43321.0;478.0;;200.0;194.2
478;200.0;194.2;43483.0;480.0;;200.0;194.2
479;200.0;194.2;43726.0;483.0;;200.0;194.2
480;200.0;194.3;43888.0;485.0;;200.0;194.3
481;200.0;194.6;44130.0;488.0;;200.0;194.6
482;200.0;194.6;44290.0;490.0;;200.0;194.6
483;200.0;194.8;44530.0;493.0;;200.0;194.8
484;200.0;194.8;44690.0;495.0;;200.0;194.8
485;200.0;195.0;44930.0;498.0;;200.0;195.0
486;200.0;195.1;45090.0;500.0;;200.0;195.1
487;200.0;195.2;45330.0;503.0;;200.0;195.2
488;188.0;195.2;45490.0;505.0;;188.0;195.2
489;200.0;195.4;45650.0;507.0;;200.0;195.4
490;200.0;195.4;45890.0;510.0;;200.0;195.4
491;200.0;195.7;46050.0;512.0;;200.0;195.7
492;200.0;196.0;46290.0;515.0;;200.0;196.0
493;200.0;196.1;46450.0;517.0;;200.0;196.1
494;200.0;196.2;46690.0;520.0;;200.0;196.2
495;200.0;196.2;46850.0;522.0;;200.0;196.2
496;193.0;196.8;47090.0;525.0;;193.0;196.8
497;200.0;197.3;47250.0;527.0;;200.0;197.3
498;200.0;197.6;47490.0;530.0;;200.0;197.6
499;200.0;198.0;47650.0;532.0;;200.0;198.0
500;200.0;198.0;47890.0;535.0;;200.0;198.0
501;200.0;198.0;48050.0;537.0;;200.0;198.0
502;200.0;198.0;48290.0;540.0;;200.0;198.0
503;200.0;198.4;48450.0;542.0;;200.0;198.4
504;200.0;198.8;48690.0;545.0;;200.0;198.8
505;200.0;198.8;48850.0;547.0;;200.0;198.8
506;200.0;199.0;49090.0;550.0;;200.0;199.0
507;196.0;199.0;49250.0;552.0;;196.0;199.0
508;200.0;199.0;49490.0;555.0;;200.0;199.0
509;200.0;199.1;49650.0;557.0;;200.0;199.1
510;200.0;199.1;49890.0;560.0;;200.0;199.1
511;200.0;199.2;50050.0;562.0;;200.0;199.2
512;200.0;199.2;50290.0;565.0;;200.0;199.2
513;200.0;199.2;50450.0;567.0;;200.0;199.2
514;200.0;199.2;50690.0;570.0;;200.0;199.2
515;200.0;199.2;50850.0;572.0;;200.0;199.2
516;200.0;199.4;51090.0;575.0;;200.0;199.4
517;200.0;199.4;51250.0;577.0;;200.0;199.4
518;200.0;199.4;51490.0;580.0;;200.0;199.4
519;200.0;199.4;51650.0;582.0;;200.0;199.4
520;200.0;199.4;51890.0;585.0;;200.0;199.4
521;200.0;199.4;52050.0;587.0;;200.0;199.4
522;200.0;199.4;52290.0;590.0;;200.0;199.4
523;200.0;199.4;52450.0;592.0;;200.0;199.4
524;200.0;199.5;52690.0;595.0;;200.0;199.5
525;200.0;199.5;52850.0;597.0;;200.0;199.5
526;200.0;199.5;53090.0;600.0;;200.0;199.5
527;200.0;199.5;53250.0;602.0;;200.0;199.5
528;200.0;199.5;53490.0;605.0;;200.0;199.5
529;192.0;199.4;53650.0;607.0;;192.0;199.4
530;200.0;199.5;53890.0;610.0;;200.0;199.5
531;200.0;199.5;54050.0;612.0;;200.0;199.5
532;200.0;199.5;54290.0;615.0;;200.0;199.5
533;188.0;199.4;54450.0;617.0;;188.0;199.4
534;200.0;199.4;54690.0;620.0;;200.0;199.4
535;200.0;199.4;54850.0;622.0;;200.0;199.4
536;200.0;199.4;55090.0;625.0;;200.0;199.4
537;200.0;199.4;55250.0;627.0;;200.0;199.4
538;200.0;199.4;55490.0;630.0;;200.0;199.4
539;200.0;199.4;55650.0;632.0;;200.0;199.4
540;200.0;199.4;55890.0;635.0;;200.0;199.4
541;200.0;199.4;56050.0;637.0;;200.0;199.4
542;200.0;199.4;56290.0;640.0;;200.0;199.4
543;200.0;199.4;56450.0;642.0;;200.0;199.4
544;200.0;199.6;56690.0;645.0;;200.0;199.6
545;200.0;199.6;56850.0;647.0;;200.0;199.6
546;200.0;199.6;57090.0;650.0;;200.0;199.6
547;200.0;199.6;57250.0;652.0;;200.0;199.6
548;172.0;199.3;57410.0;654.0;;172.0;199.3
549;195.0;199.2;57650.0;657.0;;195.0;199.2
550;200.0;199.2;57810.0;659.0;;200.0;199.2
551;200.0;199.2;58050.0;662.0;;200.0;199.2
552;200.0;199.2;58210.0;664.0;;200.0;199.2
553;200.0;199.2;58450.0;667.0;;200.0;199.2
554;200.0;199.2;58610.0;669.0;;200.0;199.2
555;200.0;199.2;58850.0;672.0;;200.0;199.2
556;200.0;199.2;59010.0;674.0;;200.0;199.2
557;200.0;199.2;59250.0;677.0;;200.0;199.2
558;200.0;199.2;59410.0;679.0;;200.0;199.2
559;200.0;199.2;59650.0;682.0;;200.0;199.2
560;200.0;199.2;59810.0;684.0;;200.0;199.2
561;200.0;199.2;60050.0;687.0;;200.0;199.2
562;200.0;199.2;60210.0;689.0;;200.0;199.2
563;200.0;199.2;60450.0;692.0;;200.0;199.2
564;200.0;199.2;60610.0;694.0;;200.0;199.2
565;200.0;199.2;60850.0;697.0;;200.0;199.2
566;200.0;199.2;61010.0;699.0;;200.0;199.2
567;200.0;199.2;61250.0;702.0;;200.0;199.2
568;200.0;199.2;61410.0;704.0;;200.0;199.2
569;200.0;199.2;61650.0;707.0;;200.0;199.2
570;191.0;199.2;61810.0;709.0;;191.0;199.2
571;200.0;199.2;62050.0;712.0;;200.0;199.2
572;200.0;199.2;62210.0;714.0;;200.0;199.2
573;200.0;199.2;62450.0;717.0;;200.0;199.2
574;200.0;199.2;62610.0;719.0;;200.0;199.2
575;200.0;199.2;62850.0;722.0;;200.0;199.2
576;200.0;199.2;63010.0;724.0;;200.0;199.2
577;200.0;199.2;63250.0;727.0;;200.0;199.2
578;200.0;199.2;63410.0;729.0;;200.0;199.2
579;200.0;199.2;63650.0;732.0;;200.0;199.2
580;200.0;199.2;63810.0;734.0;;200.0;199.2
581;200.0;199.2;64050.0;737.0;;200.0;199.2
582;200.0;199.2;64210.0;739.0;;200.0;199.2
583;200.0;199.2;64450.0;742.0;;200.0;199.2
584;200.0;199.2;64610.0;744.0;;200.0;199.2
585;200.0;199.2;64850.0;747.0;;200.0;199.2
586;200.0;199.2;65010.0;749.0;;200.0;199.2
587;200.0;199.2;65250.0;752.0;;200.0;199.2
588;200.0;199.3;65410.0;754.0;;200.0;199.3
589;200.0;199.3;65650.0;757.0;;200.0;199.3
590;200.0;199.3;65810.0;759.0;;200.0;199.3
591;200.0;199.3;66050.0;762.0;;200.0;199.3
592;200.0;199.3;66210.0;764.0;;200.0;199.3
593;200.0;199.3;66450.0;767.0;;200.0;199.3
594;200.0;199.3;66610.0;769.0;;200.0;199.3
595;200.0;199.3;66850.0;772.0;;200.0;199.3
596;200.0;199.3;67010.0;774.0;;200.0;199.3
597;200.0;199.3;67250.0;777.0;;200.0;199.3
598;200.0;199.3;67410.0;779.0;;200.0;199.3
599;200.0;199.3;67650.0;782.0;;200.0;199.3
600;200.0;199.3;67810.0;784.0;;200.0;199.3
601;200.0;199.3;68050.0;787.0;;200.0;199.3
602;200.0;199.3;68210.0;789.0;;200.0;199.3
603;200.0;199.3;68450.0;792.0;;200.0;199.3
604;200.0;199.3;68610.0;794.0;;200.0;199.3
605;200.0;199.3;68850.0;797.0;;200.0;199.3
606;200.0;199.3;69010.0;799.0;;200.0;199.3
607;200.0;199.4;69250.0;802.0;;200.0;199.4
608;200.0;199.4;69410.0;804.0;;200.0;199.4
609;195.0;199.3;69570.0;806.0;;195.0;199.3
610;200.0;199.3;69810.0;809.0;;200.0;199.3
611;200.0;199.3;69970.0;811.0;;200.0;199.3
612;200.0;199.3;70210.0;814.0;;200.0;199.3
613;200.0;199.3;70370.0;816.0;;200.0;199.3
614;200.0;199.3;70610.0;819.0;;200.0;199.3
615;200.0;199.3;70770.0;821.0;;200.0;199.3
616;200.0;199.3;71010.0;824.0;;200.0;199.3
617;200.0;199.3;71170.0;826.0;;200.0;199.3
618;200.0;199.3;71410.0;829.0;;200.0;199.3
619;200.0;199.3;71570.0;831.0;;200.0;199.3
620;200.0;199.3;71810.0;834.0;;200.0;199.3
621;200.0;199.3;71970.0;836.0;;200.0;199.3
622;200.0;199.3;72210.0;839.0;;200.0;199.3
623;200.0;199.3;72370.0;841.0;;200.0;199.3
624;200.0;199.3;72610.0;844.0;;200.0;199.3
625;200.0;199.3;72770.0;846.0;;200.0;199.3
626;200.0;199.3;73010.0;849.0;;200.0;199.3
627;200.0;199.3;73170.0;851.0;;200.0;199.3
628;200.0;199.3;73410.0;854.0;;200.0;199.3
629;200.0;199.4;73570.0;856.0;;200.0;199.4
630;200.0;199.4;73810.0;859.0;;200.0;199.4
631;200.0;199.4;73970.0;861.0;;200.0;199.4
632;200.0;199.4;74210.0;864.0;;200.0;199.4
633;200.0;199.5;74370.0;866.0;;200.0;199.5
634;200.0;199.5;74610.0;869.0;;200.0;199.5
635;200.0;199.5;74770.0;871.0;;200.0;199.5
636;200.0;199.5;75010.0;874.0;;200.0;199.5
637;200.0;199.5;75170.0;876.0;;200.0;199.5
638;200.0;199.5;75410.0;879.0;;200.0;199.5
639;200.0;199.5;75570.0;881.0;;200.0;199.5
640;200.0;199.5;75810.0;884.0;;200.0;199.5
641;200.0;199.5;75970.0;886.0;;200.0;199.5
642;200.0;199.5;76210.0;889.0;;200.0;199.5
643;200.0;199.5;76370.0;891.0;;200.0;199.5
644;200.0;199.5;76610.0;894.0;;200.0;199.5
645;200.0;199.5;76770.0;896.0;;200.0;199.5
646;200.0;199.5;77010.0;899.0;;200.0;199.5
647;200.0;199.5;77170.0;901.0;;200.0;199.5
648;200.0;199.8;77410.0;904.0;;200.0;199.8
649;200.0;199.9;77570.0;906.0;;200.0;199.9
650;200.0;199.9;77810.0;909.0;;200.0;199.9
651;200.0;199.9;77970.0;911.0;;200.0;199.9
652;200.0;199.9;78210.0;914.0;;200.0;199.9
653;200.0;199.9;78370.0;916.0;;200.0;199.9
654;200.0;199.9;78610.0;919.0;;200.0;199.9
655;200.0;199.9;78770.0;921.0;;200.0;199.9
656;200.0;199.9;79010.0;924.0;;200.0;199.9
657;200.0;199.9;79170.0;926.0;;200.0;199.9
658;200.0;199.9;79410.0;929.0;;200.0;199.9
659;200.0;199.9;79570.0;931.0;;200.0;199.9
660;200.0;199.9;79810.0;934.0;;200.0;199.9
661;200.0;199.9;79970.0;936.0;;200.0;199.9
662;200.0;199.9;80210.0;939.0;;200.0;199.9
663;200.0;199.9;80370.0;941.0;;200.0;199.9
664;200.0;199.9;80610.0;944.0;;200.0;199.9
665;200.0;199.9;80770.0;946.0;;200.0;199.9
666;200.0;199.9;81010.0;949.0;;200.0;199.9
667;200.0;199.9;81170.0;951.0;;200.0;199.9
668;200.0;199.9;81410.0;954.0;;200.0;199.9
669;200.0;199.9;81570.0;956.0;;200.0;199.9
670;200.0;200.0;81810.0;959.0;;200.0;200.0
671;200.0;200.0;81970.0;961.0;;200.0;200.0
672;200.0;200.0;82210.0;964.0;;200.0;200.0
673;200.0;200.0;82370.0;966.0;;200.0;200.0
674;200.0;200.0;82610.0;969.0;;200.0;200.0
675;200.0;200.0;82770.0;971.0;;200.0;200.0
676;200.0;200.0;83010.0;974.0;;200.0;200.0
677;200.0;200.0;83170.0;976.0;;200.0;200.0
678;200.0;200.0;83410.0;979.0;;200.0;200.0
679;200.0;200.0;83570.0;981.0;;200.0;200.0
680;200.0;200.0;83810.0;984.0;;200.0;200.0
681;200.0;200.0;83970.0;986.0;;200.0;200.0
682;200.0;200.0;84210.0;989.0;;200.0;200.0
683;200.0;200.0;84370.0;991.0;;200.0;200.0
684;200.0;200.0;84610.0;994.0;;200.0;200.0
685;200.0;200.0;84770.0;996.0;;200.0;200.0
686;200.0;200.0;85010.0;999.0;;200.0;200.0
687;200.0;200.0;85170.0;1001.0;;200.0;200.0
688;200.0;200.0;85410.0;1004.0;;200.0;200.0
689;200.0;200.0;85570.0;1006.0;;200.0;200.0
690;200.0;200.0;85810.0;1009.0;;200.0;200.0
691;200.0;200.0;85970.0;1011.0;;200.0;200.0
692;200.0;200.0;86210.0;1014.0;;200.0;200.0
693;200.0;200.0;86370.0;1016.0;;200.0;200.0
694;200.0;200.0;86610.0;1019.0;;200.0;200.0
695;200.0;200.0;86770.0;1021.0;;200.0;200.0
696;200.0;200.0;87010.0;1024.0;;200.0;200.0
697;200.0;200.0;87170.0;1026.0;;200.0;200.0
698;200.0;200.0;87410.0;1029.0;;200.0;200.0
699;200.0;200.0;87570.0;1031.0;;200.0;200.0
700;200.0;200.0;87810.0;1034.0;;200.0;200.0
701;200.0;200.0;87970.0;1036.0;;200.0;200.0
702;200.0;200.0;88210.0;1039.0;;200.0;200.0
703;200.0;200.0;88370.0;1041.0;;200.0;200.0
704;200.0;200.0;88610.0;1044.0;;200.0;200.0
705;200.0;200.0;88770.0;1046.0;;200.0;200.0
706;200.0;200.0;89010.0;1049.0;;200.0;200.0
707;200.0;200.0;89170.0;1051.0;;200.0;200.0
708;200.0;200.0;89410.0;1054.0;;200.0;200.0
709;200.0;200.0;89570.0;1056.0;;200.0;200.0
