episode;reward0;avg_reward0;t_global;cr;;episode;reward1;avg_reward1;t_global;cr;;episode;reward2;avg_reward2;t_global;cr;;episode;reward3;avg_reward3;t_global;cr;;episode;reward4;avg_reward4;t_global;cr;;episode;reward5;avg_reward5;t_global;cr;;avg_reward;avg_avg_reward
1;11;11;0;0;;1;11;11;0;0;;1;15;15;0;0;;1;16;16;0;0;;1;15;15;0;0;;1;14;14;0;0;;13.66666667;13.66666667
2;15;13;0;0;;2;9;10;0;0;;2;16;15.5;0;0;;2;24;20;0;0;;2;20;17.5;0;0;;2;14;14;0;0;;16.33333333;15
3;9;11.7;0;0;;3;35;18.3;0;0;;3;39;23.3;0;0;;3;20;20;0;0;;3;14;16.3;0;0;;3;17;15;0;0;;22.33333333;17.43333333
4;13;12;0;0;;4;25;20;0;0;;4;17;21.8;0;0;;4;25;21.2;0;0;;4;13;15.5;0;0;;4;16;15.2;0;0;;18.16666667;17.61666667
5;13;12.2;0;0;;5;18;19.6;0;0;;5;19;21.2;0;0;;5;13;19.6;0;0;;5;23;17;0;0;;5;38;19.8;0;0;;20.66666667;18.23333333
6;21;13.7;0;0;;6;26;20.7;0;0;;6;10;19.3;0;0;;6;10;18;0;0;;6;27;18.7;0;0;;6;16;19.2;0;0;;18.33333333;18.26666667
7;22;14.9;0;0;;7;15;19.9;0;0;;7;20;19.4;0;0;;7;33;20.1;0;0;;7;22;19.1;0;0;;7;16;18.7;0;0;;21.33333333;18.68333333
8;17;15.1;0;0;;8;25;20.5;0;0;;8;23;19.9;0;0;;8;21;20.2;0;0;;8;14;18.5;0;0;;8;36;20.9;0;0;;22.66666667;19.18333333
9;14;15;0;0;;9;27;21.2;0;0;;9;14;19.2;0;0;;9;37;22.1;0;0;;9;14;18;0;0;;9;17;20.4;0;0;;20.5;19.31666667
10;18;15.3;0;0;;10;26;21.7;0;0;;10;10;18.3;0;0;;10;23;22.2;0;0;;10;17;17.9;0;0;;10;62;24.6;0;0;;26;20
11;14;15.2;0;0;;11;29;22.4;0;0;;11;15;18;0;0;;11;22;22.2;0;0;;11;18;17.9;0;0;;11;15;23.7;0;0;;18.83333333;19.9
12;16;15.2;0;0;;12;22;22.3;0;0;;12;17;17.9;0;0;;12;18;21.8;0;0;;12;31;19;0;0;;12;21;23.5;0;0;;20.83333333;19.95
13;27;16.2;0;0;;13;18;22;0;0;;13;17;17.8;0;0;;13;12;21.1;0;0;;13;27;19.6;0;0;;13;10;22.5;0;0;;18.5;19.86666667
14;9;15.6;0;0;;14;11;21.2;0;0;;14;12;17.4;0;0;;14;23;21.2;0;0;;14;24;19.9;0;0;;14;14;21.9;0;0;;15.5;19.53333333
15;20;15.9;0;0;;15;28;21.7;0;0;;15;16;17.3;0;0;;15;21;21.2;0;0;;15;26;20.3;0;0;;15;35;22.7;0;0;;24.33333333;19.85
16;9;15.5;0;0;;16;13;21.1;0;0;;16;30;18.1;0;0;;16;17;20.9;0;0;;16;11;19.8;0;0;;16;14;22.2;0;0;;15.66666667;19.6
17;11;15.2;0;0;;17;22;21.2;0;0;;17;16;18;0;0;;17;31;21.5;0;0;;17;13;19.4;0;0;;17;21;22.1;0;0;;19;19.56666667
18;13;15.1;0;0;;18;30;21.7;0;0;;18;17;17.9;0;0;;18;11;20.9;0;0;;18;16;19.2;0;0;;18;15;21.7;0;0;;17;19.41666667
19;24;15.6;0;0;;19;22;21.7;0;0;;19;12;17.6;0;0;;19;13;20.5;0;0;;19;19;19.2;0;0;;19;19;21.6;0;0;;18.16666667;19.36666667
20;48;17.2;0;0;;20;23;21.8;0;0;;20;12;17.4;0;0;;20;13;20.2;0;0;;20;13;18.8;0;0;;20;17;21.4;0;0;;21;19.46666667
21;21;17.4;0;0;;21;32;22.2;0;0;;21;19;17.4;0;0;;21;32;20.7;0;0;;21;10;18.4;0;0;;21;12;20.9;0;0;;21;19.5
22;25;17.7;0;0;;22;14;21.9;0;0;;22;13;17.2;0;0;;22;23;20.8;0;0;;22;29;18.9;0;0;;22;14;20.6;0;0;;19.66666667;19.51666667
23;24;18;0;0;;23;14;21.5;0;0;;23;28;17.7;0;0;;23;10;20.3;0;0;;23;38;19.7;0;0;;23;45;21.7;0;0;;26.5;19.81666667
24;17;18;0;0;;24;42;22.4;0;0;;24;33;18.3;0;0;;24;11;20;0;0;;24;11;19.4;0;0;;24;23;21.7;0;0;;22.83333333;19.96666667
25;16;17.9;0;0;;25;11;21.9;0;0;;25;28;18.7;0;0;;25;11;19.6;0;0;;25;12;19.1;0;0;;25;38;22.4;0;0;;19.33333333;19.93333333
26;16;17.8;0;0;;26;13;21.6;0;0;;26;19;18.7;0;0;;26;15;19.4;0;0;;26;20;19.1;0;0;;26;14;22;0;0;;16.16666667;19.76666667
27;18;17.8;0;0;;27;17;21.4;0;0;;27;26;19;0;0;;27;28;19.7;0;0;;27;20;19.1;0;0;;27;19;21.9;0;0;;21.33333333;19.81666667
28;11;17.6;0;0;;28;12;21.1;0;0;;28;19;19;0;0;;28;18;19.7;0;0;;28;23;19.3;0;0;;28;13;21.6;0;0;;16;19.71666667
29;27;17.9;0;0;;29;11;20.7;0;0;;29;22;19.1;0;0;;29;14;19.5;0;0;;29;17;19.2;0;0;;29;21;21.6;0;0;;18.66666667;19.66666667
30;13;17.7;0;0;;30;16;20.6;0;0;;30;26;19.3;0;0;;30;13;19.3;0;0;;30;12;19;0;0;;30;13;21.3;0;0;;15.5;19.53333333
31;19;17.8;0;0;;31;11;20.3;0;0;;31;45;20.2;0;0;;31;18;19.2;0;0;;31;20;19;0;0;;31;48;22.2;0;0;;26.83333333;19.78333333
32;21;17.9;0;0;;32;36;20.8;0;0;;32;13;19.9;0;0;;32;14;19.1;0;0;;32;23;19.1;0;0;;32;16;22;0;0;;20.5;19.8
33;11;17.7;0;0;;33;11;20.5;0;0;;33;36;20.4;0;0;;33;12;18.8;0;0;;33;26;19.3;0;0;;33;21;21.9;0;0;;19.5;19.76666667
34;62;19;0;0;;34;22;20.5;0;0;;34;39;21;0;0;;34;22;18.9;0;0;;34;43;20;0;0;;34;34;22.3;0;0;;37;20.28333333
35;18;18.9;0;0;;35;35;20.9;0;0;;35;24;21.1;0;0;;35;28;19.2;0;0;;35;23;20.1;0;0;;35;34;22.6;0;0;;27;20.46666667
36;17;18.9;0;0;;36;24;21;0;0;;36;29;21.3;0;0;;36;12;19;0;0;;36;16;20;0;0;;36;10;22.3;0;0;;18;20.41666667
37;29;19.2;0;0;;37;16;20.9;0;0;;37;45;21.9;0;0;;37;50;19.8;0;0;;37;47;20.7;0;0;;37;14;22.1;0;0;;33.5;20.76666667
38;13;19;0;0;;38;51;21.7;0;0;;38;10;21.6;0;0;;38;18;19.8;0;0;;38;34;21.1;0;0;;38;25;22.1;0;0;;25.16666667;20.88333333
39;31;19.3;0;0;;39;17;21.5;0;0;;39;18;21.5;0;0;;39;22;19.8;0;0;;39;12;20.8;0;0;;39;12;21.9;0;0;;18.66666667;20.8
40;24;19.4;0;0;;40;14;21.4;0;0;;40;18;21.4;0;0;;40;31;20.1;0;0;;40;43;21.4;0;0;;40;54;22.7;0;0;;30.66666667;21.06666667
41;28;19.6;0;0;;41;13;21.1;0;0;;41;18;21.3;0;0;;41;12;19.9;0;0;;41;15;21.2;0;0;;41;25;22.7;4;0;;18.5;20.96666667
42;13;19.5;0;0;;42;10;20.9;0;0;;42;16;21.2;0;0;;42;17;19.9;0;0;;42;19;21.2;0;0;;42;18;22.6;4;0;;15.5;20.88333333
43;22;19.5;0;0;;43;28;21;0;0;;43;12;21;0;0;;43;27;20;0;0;;43;51;21.9;0;0;;43;15;22.4;4;0;;25.83333333;20.96666667
44;27;19.7;0;0;;44;41;21.5;0;0;;44;41;21.5;0;0;;44;11;19.8;0;0;;44;14;21.7;0;0;;44;27;22.5;4;0;;26.83333333;21.11666667
45;13;19.6;0;0;;45;52;22.2;0;0;;45;36;21.8;0;0;;45;29;20;0;0;;45;36;22;0;0;;45;22;22.5;72;11;;31.33333333;21.35
46;30;19.8;0;0;;46;18;22.1;84;13;;46;20;21.7;0;0;;46;15;19.9;0;0;;46;21;22;60;9;;46;20;22.5;192;31;;20.66666667;21.33333333
47;24;19.9;0;0;;47;16;22;180;29;;47;24;21.8;132;21;;47;20;19.9;0;0;;47;17;21.9;162;26;;47;18;22.4;300;49;;19.83333333;21.31666667
48;15;19.8;0;0;;48;33;22.2;378;62;;48;17;21.7;234;38;;48;15;19.8;0;0;;48;25;22;312;51;;48;12;22.2;372;61;;19.5;21.28333333
49;16;19.7;0;0;;49;15;22;468;77;;49;17;21.6;336;55;;49;17;19.8;0;0;;49;41;22.3;558;92;;49;11;21.9;438;72;;19.5;21.21666667
50;27;19.8;0;0;;50;44;22.5;732;121;;50;12;21.4;408;67;;50;25;19.9;0;0;;50;15;22.2;648;107;;50;15;21.8;528;87;;23;21.26666667
51;61;20.6;306;50;;51;14;22.3;816;135;;51;15;21.3;498;82;;51;9;19.6;0;0;;51;25;22.3;798;132;;51;22;21.8;660;109;;24.33333333;21.31666667
52;19;20.6;420;69;;52;36;22.6;1032;171;;52;12;21.1;570;94;;52;11;19.5;66;10;;52;56;22.9;1134;188;;52;21;21.8;786;130;;25.83333333;21.41666667
53;21;20.6;546;90;;53;18;22.5;1140;189;;53;36;21.4;786;130;;53;21;19.5;192;31;;53;12;22.7;1206;200;;53;12;21.6;858;142;;20;21.38333333
54;13;20.5;624;103;;54;28;22.6;1308;217;;54;34;21.6;990;164;;54;27;19.6;354;58;;54;17;22.6;1308;217;;54;13;21.4;936;155;;22;21.38333333
55;70;21.4;1044;173;;55;22;22.6;1440;239;;55;11;21.4;1056;175;;55;19;19.6;468;77;;55;22;22.6;1440;239;;55;33;21.7;1134;188;;29.5;21.55
56;21;21.4;1170;194;;56;30;22.7;1620;269;;56;10;21.2;1116;185;;56;30;19.8;648;107;;56;13;22.4;1518;252;;56;13;21.5;1212;201;;19.5;21.5
57;23;21.4;1308;217;;57;15;22.6;1710;284;;57;22;21.2;1248;207;;57;15;19.7;738;122;;57;48;22.9;1806;300;;57;35;21.7;1422;236;;26.33333333;21.58333333
58;47;21.8;1590;264;;58;21;22.6;1839;305;;58;11;21.1;1314;218;;58;13;19.6;816;135;;58;13;22.7;1884;313;;58;17;21.7;1524;253;;20.33333333;21.58333333
59;64;22.6;1974;328;;59;14;22.4;1920;319;;59;12;20.9;1386;230;;59;18;19.6;924;153;;59;16;22.6;1980;329;;59;11;21.5;1590;264;;22.5;21.6
60;34;22.8;2178;362;;60;8;22.2;1968;327;;60;30;21;1566;260;;60;14;19.5;1008;167;;60;32;22.7;2172;361;;60;41;21.8;1836;305;;26.5;21.66666667
61;29;22.9;2352;391;;61;20;22.1;2088;347;;61;16;21;1662;276;;61;17;19.5;1110;184;;61;16;22.6;2268;377;;61;20;21.8;1956;325;;19.66666667;21.65
62;17;22.8;2453;408;;62;15;22;2178;362;;62;21;21;1788;297;;62;15;19.4;1200;199;;62;17;22.5;2370;394;;62;14;21.6;2040;339;;16.5;21.55
63;17;22.7;2555;425;;63;9;21.8;2232;371;;63;14;20.9;1872;311;;63;15;19.3;1290;214;;63;14;22.4;2453;408;;63;14;21.5;2124;353;;13.83333333;21.43333333
64;24;22.7;2699;449;;64;34;22;2435;405;;64;17;20.8;1974;328;;64;18;19.3;1398;232;;64;23;22.4;2591;431;;64;15;21.4;2214;368;;21.83333333;21.43333333
65;17;22.6;2801;466;;65;13;21.9;2513;418;;65;25;20.9;2124;353;;65;16;19.2;1494;248;;65;27;22.5;2753;458;;65;61;22;2579;429;;26.5;21.51666667
66;10;22.4;2860;476;;66;13;21.7;2591;431;;66;15;20.8;2214;368;;66;17;19.2;1596;265;;66;11;22.3;2819;469;;66;13;21.9;2657;442;;13.16666667;21.38333333
67;12;22.3;2932;488;;67;26;21.8;2747;457;;67;14;20.7;2298;382;;67;14;19.1;1680;279;;67;33;22.5;3016;502;;67;40;22.2;2896;482;;23.16666667;21.43333333
68;19;22.2;3046;507;;68;43;22.1;3004;500;;68;12;20.5;2370;394;;68;16;19.1;1776;295;;68;19;22.4;3130;521;;68;53;22.6;3214;535;;27;21.48333333
69;14;22.1;3130;521;;69;11;21.9;3070;511;;69;10;20.4;2429;404;;69;14;19;1860;309;;69;15;22.3;3220;536;;69;18;22.6;3322;553;;13.66666667;21.38333333
70;44;22.4;3394;565;;70;18;21.9;3178;529;;70;16;20.3;2525;420;;70;17;19;1962;326;;70;10;22.1;3280;546;;70;23;22.6;3460;576;;21.33333333;21.38333333
71;8;22.2;3442;573;;71;18;21.8;3286;547;;71;24;20.4;2669;444;;71;18;19;2070;344;;71;23;22.1;3418;569;;71;21;22.5;3586;597;;18.66666667;21.33333333
72;12;22.1;3514;585;;72;11;21.7;3352;558;;72;19;20.4;2783;463;;72;18;19;2178;362;;72;29;22.2;3592;598;;72;14;22.4;3670;611;;17.16666667;21.3
73;14;21.9;3598;599;;73;12;21.5;3424;570;;73;17;20.3;2884;480;;73;35;19.2;2388;397;;73;14;22.1;3676;612;;73;22;22.4;3802;633;;19;21.23333333
74;16;21.9;3694;615;;74;20;21.5;3544;590;;74;15;20.2;2974;495;;74;12;19.1;2459;409;;74;13;22;3754;625;;74;21;22.4;3928;654;;16.16666667;21.18333333
75;22;21.9;3826;637;;75;9;21.4;3598;599;;75;16;20.2;3070;511;;75;21;19.1;2585;430;;75;13;21.9;3832;638;;75;56;22.8;4264;710;;22.83333333;21.21666667
76;14;21.8;3910;651;;76;24;21.4;3742;623;;76;50;20.6;3370;561;;76;15;19.1;2675;445;;76;14;21.8;3916;652;;76;12;22.7;4336;722;;21.5;21.23333333
77;14;21.7;3994;665;;77;12;21.3;3814;635;;77;15;20.5;3460;576;;77;14;19;2759;459;;77;32;21.9;4108;684;;77;16;22.6;4432;738;;17.16666667;21.16666667
78;18;21.6;4102;683;;78;34;21.4;4018;669;;78;19;20.5;3574;595;;78;27;19.1;2920;486;;78;18;21.9;4216;702;;78;12;22.5;4504;750;;21.33333333;21.16666667
79;11;21.5;4168;694;;79;17;21.4;4120;686;;79;23;20.5;3712;618;;79;23;19.1;3058;509;;79;18;21.8;4324;720;;79;38;22.7;4732;788;;21.66666667;21.16666667
80;25;21.5;4318;719;;80;14;21.3;4204;700;;80;14;20.4;3796;632;;80;11;19;3124;520;;80;9;21.6;4378;729;;80;23;22.7;4870;811;;16;21.08333333
81;52;21.9;4630;771;;81;28;21.4;4372;728;;81;35;20.6;4006;667;;81;23;19.1;3262;543;;81;45;21.9;4648;774;;81;34;22.8;5074;845;;36.16666667;21.28333333
82;11;21.8;4696;782;;82;19;21.3;4486;747;;82;20;20.6;4126;687;;82;15;19;3352;558;;82;17;21.9;4750;791;;82;12;22.7;5146;857;;15.66666667;21.21666667
83;25;21.8;4846;807;;83;16;21.3;4582;763;;83;17;20.6;4228;704;;83;38;19.3;3580;596;;83;16;21.8;4846;807;;83;28;22.7;5313;885;;23.33333333;21.25
84;13;21.7;4924;820;;84;14;21.2;4666;777;;84;23;20.6;4366;727;;84;25;19.3;3730;621;;84;24;21.8;4990;831;;84;9;22.6;5367;894;;18;21.2
85;27;21.8;5086;847;;85;28;21.3;4834;805;;85;14;20.5;4450;741;;85;57;19.8;4072;678;;85;19;21.8;5104;850;;85;15;22.5;5457;909;;26.66666667;21.28333333
86;11;21.6;5152;858;;86;10;21.1;4894;815;;86;18;20.5;4558;759;;86;26;19.8;4228;704;;86;15;21.7;5194;865;;86;12;22.4;5529;921;;15.33333333;21.18333333
87;13;21.5;5230;871;;87;32;21.3;5086;847;;87;12;20.4;4630;771;;87;17;19.8;4330;721;;87;26;21.8;5349;891;;87;9;22.2;5583;930;;18.16666667;21.16666667
88;12;21.4;5301;883;;88;16;21.2;5182;863;;88;8;20.2;4678;779;;88;23;19.9;4468;744;;88;22;21.8;5481;913;;88;20;22.2;5703;950;;16.83333333;21.11666667
89;18;21.4;5409;901;;89;11;21.1;5248;874;;89;29;20.3;4852;808;;89;73;20.4;4906;817;;89;19;21.7;5595;932;;89;11;22.1;5769;961;;26.83333333;21.16666667
90;13;21.3;5487;914;;90;12;21;5319;886;;90;13;20.3;4930;821;;90;10;20.3;4966;827;;90;12;21.6;5667;944;;90;13;22;5847;974;;12.16666667;21.08333333
91;31;21.4;5673;945;;91;16;20.9;5415;902;;91;9;20.1;4984;830;;91;13;20.3;5044;840;;91;23;21.6;5805;967;;91;17;21.9;5949;991;;18.16666667;21.03333333
92;14;21.3;5757;959;;92;15;20.9;5505;917;;92;27;20.2;5146;857;;92;12;20.2;5116;852;;92;18;21.6;5913;985;;92;13;21.8;6027;1004;;16.5;21
93;15;21.3;5847;974;;93;27;20.9;5667;944;;93;17;20.2;5248;874;;93;12;20.1;5188;864;;93;10;21.5;5973;995;;93;10;21.7;6087;1014;;15.16666667;20.95
94;27;21.3;6009;1001;;94;18;20.9;5775;962;;94;47;20.5;5529;921;;94;19;20.1;5301;883;;94;15;21.4;6063;1010;;94;41;21.9;6333;1055;;27.83333333;21.01666667
95;20;21.3;6129;1021;;95;30;21;5955;992;;95;32;20.6;5721;953;;95;16;20;5397;899;;95;18;21.4;6171;1028;;95;16;21.8;6428;1071;;22;21.01666667
96;17;21.3;6231;1038;;96;16;20.9;6051;1008;;96;10;20.5;5781;963;;96;17;20;5499;916;;96;9;21.2;6225;1037;;96;27;21.9;6590;1098;;16;20.96666667
97;14;21.2;6315;1052;;97;12;20.9;6123;1020;;97;53;20.8;6099;1016;;97;17;20;5601;933;;97;27;21.3;6387;1064;;97;22;21.9;6722;1120;;24.16666667;21.01666667
98;9;21.1;6369;1061;;98;22;20.9;6255;1042;;98;43;21;6357;1059;;98;22;20;5733;955;;98;23;21.3;6524;1087;;98;13;21.8;6800;1133;;22;21.01666667
99;16;21;6464;1077;;99;14;20.8;6339;1056;;99;12;20.9;6428;1071;;99;14;19.9;5817;969;;99;15;21.3;6614;1102;;99;38;22;7028;1171;;18.16666667;20.98333333
100;25;21;6614;1102;;100;13;20.7;6416;1069;;100;27;21;6590;1098;;100;10;19.8;5877;979;;100;12;21.2;6686;1114;;100;19;21.9;7142;1190;;17.66666667;20.93333333
101;27;21.2;6776;1129;;101;11;20.7;6482;1080;;101;20;21.1;6710;1118;;101;12;19.8;5949;991;;101;15;21.2;6776;1129;;101;18;22;7250;1208;;17.16666667;21
102;20;21.3;6896;1149;;102;14;20.8;6566;1094;;102;14;21;6794;1132;;102;26;19.8;6105;1017;;102;52;21.5;7090;1181;;102;12;22;7322;1220;;23;21.06666667
103;11;21.3;6962;1160;;103;14;20.6;6650;1108;;103;10;20.8;6854;1142;;103;12;19.7;6177;1029;;103;15;21.5;7178;1196;;103;28;22.1;7490;1248;;15;21
104;26;21.4;7118;1186;;104;37;20.7;6872;1145;;104;21;20.8;6980;1163;;104;46;19.9;6452;1075;;104;13;21.5;7256;1209;;104;10;22;7550;1258;;25.5;21.05
105;15;21.4;7208;1201;;105;39;20.9;7106;1184;;105;19;20.8;7094;1182;;105;12;19.9;6524;1087;;105;18;21.4;7364;1227;;105;43;22;7808;1301;;24.33333333;21.06666667
106;16;21.4;7304;1217;;106;25;20.9;7256;1209;;106;9;20.8;7148;1191;;106;18;20;6632;1105;;106;37;21.6;7586;1264;;106;26;22.2;7964;1327;;21.83333333;21.15
107;17;21.3;7406;1234;;107;14;20.9;7340;1223;;107;10;20.7;7208;1201;;107;13;19.8;6710;1118;;107;14;21.5;7670;1278;;107;38;22.4;8192;1365;;17.66666667;21.1
108;14;21.3;7490;1248;;108;16;20.8;7436;1239;;108;21;20.7;7334;1222;;108;13;19.7;6788;1131;;108;38;21.7;7898;1316;;108;24;22.2;8336;1389;;21;21.06666667
109;41;21.6;7736;1289;;109;11;20.6;7502;1250;;109;16;20.7;7430;1238;;109;13;19.5;6866;1144;;109;9;21.7;7952;1325;;109;13;22.2;8414;1402;;17.16666667;21.05
110;10;21.5;7796;1299;;110;13;20.5;7580;1263;;110;36;20.9;7646;1274;;110;46;19.7;7142;1190;;110;10;21.6;8012;1335;;110;24;21.8;8558;1426;;23.16666667;21
111;16;21.5;7892;1315;;111;11;20.3;7646;1274;;111;20;21;7766;1294;;111;12;19.6;7214;1202;;111;39;21.8;8246;1374;;111;11;21.8;8624;1437;;18.16666667;21
112;17;21.5;7994;1332;;112;15;20.2;7736;1289;;112;30;21.1;7946;1324;;112;10;19.5;7274;1212;;112;28;21.8;8414;1402;;112;33;21.9;8821;1470;;22.16666667;21
113;69;21.9;8408;1401;;113;38;20.4;7964;1327;;113;64;21.6;8330;1388;;113;16;19.6;7370;1228;;113;17;21.7;8516;1419;;113;27;22.1;8983;1497;;38.5;21.21666667
114;14;22;8492;1415;;114;24;20.6;8108;1351;;114;41;21.9;8576;1429;;114;14;19.5;7454;1242;;114;9;21.5;8570;1428;;114;15;22.1;9073;1512;;19.5;21.26666667
115;10;21.9;8552;1425;;115;21;20.5;8234;1372;;115;15;21.9;8666;1444;;115;13;19.4;7532;1255;;115;20;21.5;8690;1448;;115;17;21.9;9174;1529;;16;21.18333333
116;14;21.9;8636;1439;;116;36;20.7;8450;1408;;116;20;21.8;8785;1464;;116;14;19.4;7616;1269;;116;14;21.5;8773;1462;;116;37;22.1;9396;1566;;22.5;21.23333333
117;15;22;8726;1454;;117;12;20.6;8522;1420;;117;16;21.8;8881;1480;;117;17;19.2;7718;1286;;117;10;21.5;8833;1472;;117;42;22.4;9648;1608;;18.66666667;21.25
118;17;22;8827;1471;;118;11;20.4;8592;1431;;118;13;21.7;8959;1493;;118;19;19.3;7832;1305;;118;32;21.6;9025;1504;;118;18;22.4;9756;1626;;18.33333333;21.23333333
119;26;22;8983;1497;;119;11;20.3;8654;1442;;119;12;21.7;9031;1505;;119;12;19.3;7904;1317;;119;23;21.7;9162;1527;;119;10;22.3;9816;1636;;15.66666667;21.21666667
120;21;21.8;9109;1518;;120;12;20.2;8726;1454;;120;11;21.7;9097;1516;;120;9;19.3;7958;1326;;120;14;21.7;9246;1541;;120;22;22.3;9948;1658;;14.83333333;21.16666667
121;20;21.8;9228;1538;;121;47;20.4;9007;1501;;121;11;21.6;9162;1527;;121;36;19.3;8174;1362;;121;53;22.1;9564;1594;;121;24;22.5;10092;1682;;31.83333333;21.28333333
122;30;21.8;9408;1568;;122;11;20.3;9073;1512;;122;10;21.6;9222;1537;;122;37;19.4;8396;1399;;122;29;22.1;9738;1623;;122;14;22.5;10176;1696;;21.83333333;21.28333333
123;34;21.9;9612;1602;;123;10;20.3;9133;1522;;123;13;21.5;9300;1550;;123;24;19.6;8540;1423;;123;49;22.2;10032;1672;;123;18;22.2;10284;1714;;24.66666667;21.28333333
124;45;22.2;9882;1647;;124;20;20.1;9252;1542;;124;36;21.5;9516;1586;;124;31;19.8;8726;1454;;124;12;22.2;10104;1684;;124;24;22.2;10427;1738;;28;21.33333333
125;31;22.3;10068;1678;;125;21;20.2;9378;1563;;125;67;21.9;9918;1653;;125;43;20.1;8983;1497;;125;15;22.2;10194;1699;;125;41;22.2;10673;1779;;36.33333333;21.48333333
126;28;22.5;10236;1706;;126;29;20.3;9552;1592;;126;24;21.9;10062;1677;;126;16;20.1;9079;1513;;126;26;22.3;10350;1725;;126;94;23;11237;1873;;36.16666667;21.68333333
127;81;23.1;10721;1787;;127;12;20.3;9624;1604;;127;24;21.9;10206;1701;;127;12;20;9150;1525;;127;14;22.2;10433;1739;;127;15;23;11327;1888;;26.33333333;21.75
128;25;23.2;10871;1812;;128;17;20.3;9726;1621;;128;20;21.9;10326;1721;;128;17;19.9;9252;1542;;128;13;22.2;10511;1752;;128;19;23;11441;1907;;18.5;21.75
129;24;23.2;11015;1836;;129;19;20.4;9840;1640;;129;56;22.3;10661;1777;;129;19;20;9366;1561;;129;16;22.1;10607;1768;;129;24;23.1;11585;1931;;26.33333333;21.85
130;19;23.3;11129;1855;;130;47;20.7;10122;1687;;130;25;22.2;10811;1802;;130;31;20.2;9552;1592;;130;19;22.2;10721;1787;;130;17;23.1;11687;1948;;26.33333333;21.95
131;20;23.3;11249;1875;;131;36;21;10338;1723;;131;28;22.1;10979;1830;;131;21;20.2;9678;1613;;131;29;22.3;10895;1816;;131;23;22.9;11825;1971;;26.16666667;21.96666667
132;48;23.5;11537;1923;;132;12;20.7;10409;1735;;132;17;22.1;11081;1847;;132;20;20.3;9798;1633;;132;19;22.3;11009;1835;;132;9;22.8;11879;1980;;20.83333333;21.95
133;50;23.9;11837;1973;;133;24;20.9;10553;1759;;133;13;21.9;11159;1860;;133;16;20.3;9894;1649;;133;36;22.4;11225;1871;;133;15;22.7;11969;1995;;25.66666667;22.01666667
134;25;23.6;11987;1998;;134;16;20.8;10649;1775;;134;18;21.7;11267;1878;;134;10;20.2;9954;1659;;134;51;22.4;11531;1922;;134;14;22.5;12053;2009;;22.33333333;21.86666667
135;14;23.5;12071;2012;;135;18;20.6;10757;1793;;135;11;21.6;11333;1889;;135;29;20.2;10128;1688;;135;61;22.8;11897;1983;;135;20;22.4;12173;2029;;25.5;21.85
136;29;23.6;12245;2041;;136;25;20.6;10907;1818;;136;26;21.5;11489;1915;;136;23;20.3;10266;1711;;136;19;22.8;12011;2002;;136;46;22.8;12449;2075;;28;21.93333333
137;42;23.8;12497;2083;;137;13;20.6;10985;1831;;137;24;21.3;11633;1939;;137;30;20.1;10445;1741;;137;28;22.7;12179;2030;;137;49;23.1;12743;2124;;31;21.93333333
138;35;24;12707;2118;;138;26;20.4;11141;1857;;138;17;21.4;11735;1956;;138;23;20.2;10583;1764;;138;36;22.7;12395;2066;;138;81;23.7;13228;2205;;36.33333333;22.06666667
139;33;24;12904;2151;;139;19;20.4;11255;1876;;139;22;21.4;11867;1978;;139;28;20.2;10751;1792;;139;57;23.1;12737;2123;;139;25;23.8;13378;2230;;30.66666667;22.15
140;47;24.2;13186;2198;;140;31;20.6;11441;1907;;140;48;21.7;12155;2026;;140;24;20.1;10895;1816;;140;46;23.2;13012;2169;;140;50;23.8;13678;2280;;41;22.26666667
141;65;24.6;13576;2263;;141;39;20.8;11675;1946;;141;43;22;12413;2069;;141;61;20.6;11261;1877;;141;45;23.5;13282;2214;;141;57;24.1;14020;2337;;51.66666667;22.6
142;42;24.9;13828;2305;;142;39;21.1;11909;1985;;142;12;21.9;12485;2081;;142;20;20.7;11381;1897;;142;30;23.6;13462;2244;;142;44;24.3;14284;2381;;31.16666667;22.75
143;19;24.9;13942;2324;;143;11;20.9;11975;1996;;143;28;22.1;12653;2109;;143;20;20.6;11501;1917;;143;67;23.7;13864;2311;;143;42;24.6;14536;2423;;31.16666667;22.8
144;24;24.8;14086;2348;;144;27;20.8;12137;2023;;144;16;21.8;12749;2125;;144;20;20.7;11621;1937;;144;55;24.1;14194;2366;;144;14;24.5;14619;2437;;26;22.78333333
145;34;25;14290;2382;;145;25;20.5;12287;2048;;145;62;22.1;13120;2187;;145;13;20.5;11699;1950;;145;31;24.1;14380;2397;;145;130;25.6;15399;2567;;49.16666667;22.96666667
146;26;25;14446;2408;;146;51;20.9;12593;2099;;146;14;22;13204;2201;;146;17;20.5;11801;1967;;146;69;24.6;14793;2466;;146;16;25.5;15495;2583;;32.16666667;23.08333333
147;72;25.5;14877;2480;;147;35;21;12804;2134;;147;42;22.2;13456;2243;;147;48;20.8;12089;2015;;147;83;25.2;15291;2549;;147;33;25.7;15693;2616;;52.16666667;23.4
148;92;26.3;15429;2572;;148;19;20.9;12916;2153;;148;62;22.7;13828;2305;;148;21;20.9;12215;2036;;148;41;25.4;15537;2590;;148;41;26;15939;2657;;46;23.7
149;78;26.9;15897;2650;;149;24;21;13060;2177;;149;31;22.8;14014;2336;;149;30;21;12395;2066;;149;58;25.6;15885;2648;;149;101;26.9;16545;2758;;53.66666667;24.03333333
150;28;26.9;16065;2678;;150;17;20.7;13162;2194;;150;69;23.4;14428;2405;;150;28;21;12563;2094;;150;35;25.8;16095;2683;;150;47;27.2;16827;2805;;37.33333333;24.16666667
151;32;26.6;16257;2710;;151;35;20.9;13372;2229;;151;41;23.6;14673;2446;;151;62;21.6;12934;2156;;151;55;26.1;16425;2738;;151;45;27.4;17097;2850;;45;24.36666667
152;30;26.7;16437;2740;;152;22;20.8;13504;2251;;152;58;24.1;15021;2504;;152;26;21.7;13090;2182;;152;93;26.4;16983;2831;;152;31;27.5;17283;2881;;43.33333333;24.53333333
153;27;26.8;16599;2767;;153;46;21.1;13780;2297;;153;19;23.9;15135;2523;;153;49;22;13384;2231;;153;25;26.6;17133;2856;;153;25;27.6;17433;2906;;31.83333333;24.66666667
154;65;27.3;16989;2832;;154;73;21.5;14218;2370;;154;65;24.2;15525;2588;;154;41;22.1;13630;2272;;154;26;26.6;17289;2882;;154;39;27.9;17667;2945;;51.5;24.93333333
155;21;26.8;17115;2853;;155;32;21.6;14410;2402;;155;23;24.4;15663;2611;;155;45;22.4;13900;2317;;155;54;27;17613;2936;;155;11;27.7;17733;2956;;31;24.98333333
156;39;27;17349;2892;;156;29;21.6;14588;2431;;156;90;25.2;16203;2701;;156;35;22.4;14110;2352;;156;34;27.2;17817;2970;;156;88;28.4;18261;3044;;52.5;25.3
157;73;27.5;17787;2965;;157;44;21.9;14847;2475;;157;157;26.5;17145;2858;;157;14;22.4;14194;2366;;157;38;27.1;18045;3008;;157;21;28.3;18387;3065;;57.83333333;25.61666667
158;45;27.5;18057;3010;;158;81;22.5;15333;2556;;158;38;26.8;17373;2896;;158;52;22.8;14506;2418;;158;40;27.4;18285;3048;;158;28;28.4;18555;3093;;47.33333333;25.9
159;37;27.2;18279;3047;;159;44;22.8;15597;2600;;159;24;26.9;17517;2920;;159;27;22.9;14667;2445;;159;32;27.5;18477;3080;;159;81;29.1;19040;3174;;40.83333333;26.06666667
160;35;27.2;18489;3082;;160;15;22.9;15687;2615;;160;176;28.4;18573;3096;;160;28;23.1;14835;2473;;160;35;27.5;18687;3115;;160;58;29.3;19388;3232;;57.83333333;26.4
161;61;27.5;18854;3143;;161;136;24;16503;2751;;161;64;28.8;18956;3160;;161;16;23;14931;2489;;161;76;28.1;19142;3191;;161;56;29.6;19724;3288;;68.16666667;26.83333333
162;43;27.8;19112;3186;;162;35;24.2;16713;2786;;162;49;29.1;19250;3209;;162;39;23.3;15165;2528;;162;72;28.7;19574;3263;;162;38;29.9;19952;3326;;46;27.16666667
163;72;28.3;19544;3258;;163;55;24.7;17043;2841;;163;76;29.7;19706;3285;;163;13;23.3;15243;2541;;163;13;28.7;19652;3276;;163;42;30.2;20202;3368;;45.16666667;27.48333333
164;39;28.5;19778;3297;;164;34;24.7;17247;2875;;164;51;30.1;20012;3336;;164;26;23.4;15399;2567;;164;47;28.9;19934;3323;;164;32;30.3;20394;3400;;38.16666667;27.65
165;60;28.9;20137;3357;;165;39;25;17481;2914;;165;51;30.3;20316;3387;;165;30;23.5;15579;2597;;165;36;29;20149;3359;;165;17;29.9;20496;3417;;38.83333333;27.76666667
166;97;29.8;20718;3454;;166;18;25;17589;2932;;166;68;30.9;20724;3455;;166;47;23.8;15861;2644;;166;60;29.5;20508;3419;;166;63;30.4;20874;3480;;58.83333333;28.23333333
167;33;30;20916;3487;;167;9;24.8;17643;2941;;167;89;31.6;21258;3544;;167;74;24.4;16305;2718;;167;31;29.5;20694;3450;;167;40;30.4;21114;3520;;46;28.45
168;38;30.2;21144;3525;;168;55;25;17973;2996;;168;46;32;21534;3590;;168;96;25.2;16881;2814;;168;42;29.7;20946;3492;;168;20;30;21234;3540;;49.5;28.68333333
169;126;31.3;21900;3651;;169;85;25.7;18483;3081;;169;42;32.3;21786;3632;;169;49;25.5;17175;2863;;169;89;30.4;21480;3581;;169;37;30.2;21456;3577;;71.33333333;29.23333333
170;94;31.8;22464;3745;;170;50;26;18783;3131;;170;47;32.6;22068;3679;;170;36;25.7;17391;2899;;170;34;30.7;21684;3615;;170;45;30.5;21726;3622;;51;29.55
171;80;32.5;22944;3825;;171;63;26.5;19160;3194;;171;70;33;22488;3749;;171;39;25.9;17625;2938;;171;76;31.2;22140;3691;;171;48;30.7;22014;3670;;62.66666667;29.96666667
172;66;33.1;23340;3891;;172;77;27.1;19622;3271;;172;83;33.7;22986;3832;;172;36;26.1;17841;2974;;172;51;31.4;22446;3742;;172;44;31;22278;3714;;59.5;30.4
173;47;33.4;23622;3938;;173;52;27.5;19934;3323;;173;34;33.9;23190;3866;;173;27;26;18003;3001;;173;27;31.6;22608;3769;;173;44;31.2;22542;3758;;38.5;30.6
174;90;34.1;24162;4028;;174;51;27.8;20238;3374;;174;113;34.8;23868;3979;;174;24;26.2;18147;3025;;174;48;31.9;22896;3817;;174;67;31.7;22944;3825;;65.5;31.08333333
175;31;34.2;24348;4059;;175;43;28.2;20496;3417;;175;50;35.2;24168;4029;;175;15;26.1;18237;3040;;175;49;32.3;23190;3866;;175;39;31.5;23178;3864;;37.83333333;31.25
176;36;34.4;24564;4095;;176;61;28.6;20862;3478;;176;48;35.2;24456;4077;;176;52;26.5;18549;3092;;176;66;32.8;23586;3932;;176;124;32.7;23922;3988;;64.5;31.7
177;24;34.5;24707;4119;;177;39;28.8;21096;3517;;177;78;35.8;24923;4155;;177;97;27.3;19130;3189;;177;77;33.2;24048;4009;;177;33;32.8;24120;4021;;58;32.06666667
178;23;34.6;24845;4142;;178;108;29.6;21744;3625;;178;42;36;25175;4197;;178;47;27.5;19412;3236;;178;65;33.7;24438;4074;;178;56;33.3;24456;4077;;56.83333333;32.45
179;76;35.2;25301;4218;;179;48;29.9;22032;3673;;179;36;36.2;25391;4233;;179;47;27.7;19694;3283;;179;60;34.1;24797;4134;;179;42;33.3;24707;4119;;51.5;32.73333333
180;48;35.5;25589;4266;;180;36;30.1;22248;3709;;180;68;36.7;25799;4301;;180;15;27.8;19784;3298;;180;40;34.4;25037;4174;;180;13;33.2;24785;4132;;36.66666667;32.95
181;40;35.4;25829;4306;;181;80;30.6;22728;3789;;181;44;36.8;26063;4345;;181;66;28.2;20178;3364;;181;53;34.5;25355;4227;;181;54;33.4;25109;4186;;56.16666667;33.15
182;51;35.8;26135;4357;;182;34;30.8;22932;3823;;182;63;37.2;26441;4408;;182;18;28.2;20286;3382;;182;52;34.9;25667;4279;;182;43;33.7;25367;4229;;43.5;33.43333333
183;120;36.7;26855;4477;;183;77;31.4;23394;3900;;183;107;38.1;27083;4515;;183;21;28.1;20412;3403;;183;31;35;25853;4310;;183;51;34;25673;4280;;67.83333333;33.88333333
184;39;37;27089;4516;;184;57;31.8;23736;3957;;184;48;38.4;27371;4563;;184;44;28.3;20676;3447;;184;69;35.5;26267;4379;;184;45;34.3;25943;4325;;50.33333333;34.21666667
185;56;37.2;27425;4572;;185;84;32.4;24240;4041;;185;55;38.8;27701;4618;;185;39;28.1;20910;3486;;185;57;35.9;26609;4436;;185;91;35.1;26489;4416;;63.66666667;34.58333333
186;53;37.7;27743;4625;;186;73;33;24677;4114;;186;29;38.9;27875;4647;;186;39;28.2;21144;3525;;186;96;36.7;27185;4532;;186;30;35.2;26669;4446;;53.33333333;34.95
187;58;38.1;28091;4683;;187;95;33.6;25247;4209;;187;37;39.1;28097;4684;;187;80;28.8;21624;3605;;187;55;37;27515;4587;;187;34;35.5;26873;4480;;59.83333333;35.35
188;59;38.6;28445;4742;;188;56;34;25583;4265;;188;70;39.8;28517;4754;;188;37;29;21846;3642;;188;38;37.1;27743;4625;;188;56;35.9;27209;4536;;52.66666667;35.73333333
189;28;38.7;28613;4770;;189;18;34.1;25691;4283;;189;71;40.2;28942;4825;;189;16;28.4;21942;3658;;189;84;37.8;28247;4709;;189;60;36.4;27569;4596;;46.16666667;35.93333333
190;54;39.1;28936;4824;;190;19;34.2;25805;4302;;190;71;40.8;29368;4896;;190;93;29.2;22500;3751;;190;44;38.1;28511;4753;;190;42;36.6;27821;4638;;53.83333333;36.33333333
191;49;39.3;29230;4873;;191;19;34.2;25919;4321;;191;63;41.3;29746;4959;;191;39;29.5;22734;3790;;191;55;38.4;28841;4808;;191;71;37.2;28247;4709;;49.33333333;36.65
192;56;39.7;29566;4929;;192;72;34.8;26351;4393;;192;55;41.6;30076;5014;;192;24;29.6;22878;3814;;192;94;39.2;29404;4902;;192;55;37.6;28577;4764;;59.33333333;37.08333333
193;112;40.7;30238;5041;;193;75;35.2;26801;4468;;193;56;42;30412;5070;;193;80;30.3;23358;3894;;193;96;40;29980;4998;;193;50;38;28876;4814;;78.16666667;37.7
194;139;41.8;31072;5180;;194;42;35.5;27053;4510;;194;40;41.9;30652;5110;;194;47;30.6;23640;3941;;194;102;40.9;30592;5100;;194;66;38.2;29272;4880;;72.66666667;38.15
195;31;41.9;31258;5211;;195;78;36;27521;4588;;195;46;42;30928;5156;;195;30;30.7;23820;3971;;195;49;41.2;30886;5149;;195;63;38.7;29650;4943;;49.5;38.41666667
196;75;42.5;31708;5286;;196;200;37.8;28721;4788;;196;63;42.6;31306;5219;;196;64;31.2;24204;4035;;196;26;41.4;31042;5175;;196;73;39.2;30088;5016;;83.5;39.11666667
197;50;42.8;32008;5336;;197;63;38.3;29098;4851;;197;105;43.1;31936;5324;;197;63;31.6;24582;4098;;197;45;41.6;31312;5220;;197;114;40.1;30772;5130;;73.33333333;39.58333333
198;24;43;32152;5360;;198;98;39.1;29686;4949;;198;72;43.4;32368;5396;;198;48;31.9;24869;4146;;198;101;42.3;31918;5321;;198;40;40.4;31012;5170;;63.83333333;40.01666667
199;41;43.2;32398;5401;;199;98;39.9;30274;5047;;199;58;43.8;32716;5454;;199;29;32.1;25043;4175;;199;74;42.9;32362;5395;;199;54;40.5;31336;5224;;59;40.4
200;63;43.6;32776;5464;;200;91;40.7;30820;5138;;200;48;44;33004;5502;;200;41;32.4;25289;4216;;200;159;44.4;33316;5554;;200;36;40.7;31552;5260;;73;40.96666667
201;97;44.3;33358;5561;;201;47;41;31102;5185;;201;71;44.6;33430;5573;;201;62;32.9;25661;4278;;201;138;45.6;34144;5692;;201;42;40.9;31804;5302;;76.16666667;41.55
202;65;44.8;33748;5626;;202;82;41.7;31594;5267;;202;47;44.9;33712;5620;;202;66;33.3;26057;4344;;202;39;45.5;34378;5731;;202;128;42.1;32572;5430;;71.16666667;42.05
203;37;45;33970;5663;;203;43;42;31852;5310;;203;117;46;34414;5737;;203;106;34.2;26693;4450;;203;62;46;34750;5793;;203;96;42.8;33148;5526;;76.83333333;42.66666667
204;40;45.2;34210;5703;;204;51;42.2;32158;5361;;204;70;46.4;34834;5807;;204;63;34.4;27071;4513;;204;44;46.3;35013;5837;;204;51;43.2;33454;5577;;53.16666667;42.95
205;79;45.8;34684;5782;;205;65;42.4;32548;5426;;205;48;46.7;35121;5855;;205;65;34.9;27461;4578;;205;49;46.6;35307;5886;;205;38;43.1;33682;5615;;57.33333333;43.25
206;49;46.1;34977;5831;;206;28;42.4;32716;5454;;206;44;47.1;35385;5899;;206;72;35.4;27893;4650;;206;89;47.1;35841;5975;;206;102;43.9;34294;5717;;64;43.66666667
207;41;46.4;35223;5872;;207;99;43.3;33310;5553;;207;60;47.6;35745;5959;;207;67;36;28295;4717;;207;115;48.1;36531;6090;;207;70;44.2;34714;5787;;75.33333333;44.26666667
208;112;47.4;35895;5984;;208;45;43.6;33580;5598;;208;61;48;36111;6020;;208;63;36.5;28673;4780;;208;122;49;37263;6212;;208;59;44.6;35067;5846;;77;44.85
209;54;47.5;36219;6038;;209;43;43.9;33838;5641;;209;73;48.6;36549;6093;;209;98;37.3;29260;4878;;209;37;49.2;37485;6249;;209;128;45.7;35835;5974;;72.16666667;45.36666667
210;39;47.8;36453;6077;;210;59;44.4;34192;5700;;210;62;48.8;36921;6155;;210;60;37.5;29620;4938;;210;27;49.4;37647;6276;;210;42;45.9;36087;6016;;48.16666667;45.63333333
211;109;48.7;37107;6186;;211;42;44.7;34444;5742;;211;71;49.3;37347;6226;;211;35;37.7;29830;4973;;211;63;49.6;38024;6339;;211;78;46.6;36555;6094;;66.33333333;46.1
212;50;49;37407;6236;;212;67;45.2;34846;5809;;212;71;49.7;37773;6297;;212;71;38.3;30256;5044;;212;43;49.8;38282;6382;;212;54;46.8;36879;6148;;59.33333333;46.46666667
213;200;50.4;38605;6436;;213;57;45.4;35187;5866;;213;103;50.1;38390;6400;;213;63;38.8;30634;5107;;213;79;50.4;38755;6461;;213;45;47;37149;6193;;91.16666667;47.01666667
214;48;50.7;38892;6484;;214;51;45.7;35493;5917;;214;59;50.3;38743;6459;;214;79;39.4;31108;5186;;214;79;51.1;39228;6540;;214;71;47.5;37575;6264;;64.5;47.45
215;53;51.1;39210;6537;;215;15;45.6;35583;5932;;215;60;50.8;39102;6519;;215;35;39.7;31318;5221;;215;55;51.5;39558;6595;;215;55;47.9;37904;6319;;45.5;47.76666667
216;93;51.9;39768;6630;;216;66;45.9;35979;5998;;216;61;51.2;39468;6580;;216;78;40.3;31786;5299;;216;63;52;39936;6658;;216;99;48.5;38497;6418;;76.66666667;48.3
217;103;52.8;40385;6733;;217;102;46.8;36591;6100;;217;79;51.8;39942;6659;;217;62;40.8;32158;5361;;217;69;52.6;40349;6727;;217;167;49.8;39498;6585;;97;49.1
218;61;53.2;40751;6794;;218;60;47.3;36951;6160;;218;115;52.8;40631;6774;;218;48;41;32446;5409;;218;77;53;40811;6804;;218;80;50.4;39978;6665;;73.5;49.61666667
219;65;53.6;41141;6859;;219;65;47.8;37341;6225;;219;67;53.4;41033;6841;;219;74;41.7;32890;5483;;219;105;53.8;41441;6909;;219;73;51;40415;6738;;74.83333333;50.21666667
220;101;54.4;41745;6960;;220;69;48.4;37755;6294;;220;44;53.7;41296;6885;;220;95;42.5;33460;5578;;220;69;54.4;41853;6978;;220;61;51.4;40781;6799;;73.16666667;50.8
221;71;54.9;42171;7031;;221;93;48.9;38312;6387;;221;59;54.2;41649;6944;;221;52;42.7;33772;5630;;221;72;54.6;42285;7050;;221;76;51.9;41236;6875;;70.5;51.2
222;67;55.3;42573;7098;;222;63;49.4;38689;6450;;222;141;55.5;42495;7085;;222;40;42.7;34012;5670;;222;73;55;42723;7123;;222;56;52.4;41571;6931;;73.33333333;51.71666667
223;74;55.7;43017;7172;;223;92;50.2;39240;6542;;223;140;56.8;43335;7225;;223;54;43;34336;5724;;223;100;55.5;43323;7223;;223;71;52.9;41997;7002;;88.5;52.35
224;194;57.2;44180;7366;;224;74;50.7;39684;6616;;224;63;57;43712;7288;;224;52;43.2;34648;5776;;224;72;56.1;43754;7295;;224;69;53.3;42411;7071;;87.33333333;52.91666667
225;120;58.1;44900;7486;;225;44;51;39948;6660;;225;102;57.4;44324;7390;;225;50;43.3;34947;5826;;225;200;58;44954;7495;;225;68;53.6;42819;7139;;97.33333333;53.56666667
226;90;58.7;45439;7576;;226;75;51.4;40397;6735;;226;81;57.9;44810;7471;;226;60;43.7;35307;5886;;226;200;59.7;46153;7695;;226;78;53.4;43287;7217;;97.33333333;54.13333333
227;137;59.3;46261;7713;;227;47;51.8;40679;6782;;227;71;58.4;45236;7542;;227;47;44.1;35589;5933;;227;64;60.2;46537;7759;;227;76;54;43742;7293;;73.66666667;54.63333333
228;63;59.6;46639;7776;;228;50;52.1;40979;6832;;228;97;59.2;45817;7639;;228;62;44.5;35961;5995;;228;130;61.4;47317;7889;;228;107;54.9;44384;7400;;84.83333333;55.28333333
229;87;60.3;47161;7863;;229;127;53.2;41739;6959;;229;76;59.4;46273;7715;;229;74;45.1;36405;6069;;229;70;61.9;47737;7959;;229;154;56.2;45307;7554;;98;56.01666667
230;89;61;47695;7952;;230;59;53.3;42093;7018;;230;67;59.8;46675;7782;;230;63;45.4;36783;6132;;230;92;62.6;48289;8051;;230;72;56.8;45739;7626;;73.66666667;56.48333333
231;84;61.6;48199;8036;;231;56;53.5;42429;7074;;231;91;60.4;47221;7873;;231;152;46.7;37695;6284;;231;102;63.4;48901;8153;;231;96;57.5;46315;7722;;96.83333333;57.18333333
232;100;62.1;48799;8136;;232;94;54.3;42993;7168;;232;88;61.1;47749;7961;;232;111;47.6;38360;6395;;232;77;64;49363;8230;;232;90;58.3;46855;7812;;93.33333333;57.9
233;98;62.6;49387;8234;;233;71;54.8;43418;7239;;233;101;62;48355;8062;;233;136;48.8;39174;6531;;233;193;65.5;50521;8423;;233;88;59;47383;7900;;114.5;58.78333333
234;83;63.2;49885;8317;;234;200;56.6;44618;7439;;234;87;62.7;48877;8149;;234;80;49.5;39654;6611;;234;94;66;51084;8517;;234;160;60.5;48343;8060;;117.3333333;59.75
235;94;64;50449;8411;;235;64;57.1;45002;7503;;235;127;63.9;49639;8276;;235;88;50.1;40182;6699;;235;139;66.7;51918;8656;;235;76;61.1;48799;8136;;98;60.48333333
236;121;64.9;51174;8532;;236;156;58.4;45937;7659;;236;102;64.6;50251;8378;;236;52;50.4;40493;6751;;236;139;67.9;52751;8795;;236;99;61.6;49393;8235;;111.5;61.3
237;126;65.8;51930;8658;;237;151;59.8;46843;7810;;237;98;65.4;50839;8476;;237;35;50.4;40703;6786;;237;149;69.1;53645;8944;;237;200;63.1;50593;8435;;126.5;62.26666667
238;97;66.4;52511;8755;;238;110;60.6;47503;7920;;238;132;66.5;51630;8608;;238;66;50.9;41099;6852;;238;165;70.4;54635;9109;;238;100;63.3;51192;8535;;111.6666667;63.01666667
239;177;67.8;53573;8932;;239;150;61.9;48403;8070;;239;121;67.5;52355;8729;;239;82;51.4;41589;6934;;239;169;71.6;55649;9278;;239;105;64.1;51822;8640;;134;64.05
240;168;69;54581;9100;;240;106;62.7;49039;8176;;240;142;68.4;53207;8871;;240;71;51.9;42015;7005;;240;125;72.3;56399;9403;;240;114;64.7;52505;8754;;121;64.83333333
241;166;70;55577;9266;;241;98;63.3;49627;8274;;241;130;69.3;53987;9001;;241;103;52.3;42633;7108;;241;127;73.2;57161;9530;;241;144;65.6;53369;8898;;128;65.61666667
242;178;71.4;56645;9444;;242;200;64.9;50827;8474;;242;200;71.2;55187;9201;;242;65;52.8;43023;7173;;242;165;74.5;58151;9695;;242;156;66.7;54305;9054;;160.6666667;66.91666667
243;142;72.6;57497;9586;;243;105;65.8;51456;8579;;243;189;72.8;56321;9390;;243;81;53.4;43508;7254;;243;167;75.5;59152;9862;;243;184;68.2;55409;9238;;144.6666667;68.05
244;145;73.8;58367;9731;;244;112;66.7;52127;8691;;244;200;74.6;57521;9590;;244;82;54;44000;7336;;244;125;76.2;59901;9987;;244;135;69.4;56219;9373;;133.1666667;69.11666667
245;154;75;59290;9885;;245;116;67.6;52823;8807;;245;194;76;58684;9784;;245;74;54.6;44444;7410;;245;156;77.5;60836;10143;;245;174;69.8;57263;9547;;144.6666667;70.08333333
246;143;76.2;60146;10028;;246;141;68.5;53669;8948;;246;137;77.2;59505;9921;;246;82;55.2;44936;7492;;246;174;78.5;61880;10317;;246;146;71.1;58139;9693;;137.1666667;71.11666667
247;140;76.9;60986;10168;;247;111;69.2;54335;9059;;247;158;78.4;60452;10079;;247;26;55;45092;7518;;247;192;79.6;63032;10509;;247;123;72;58876;9816;;125;71.85
248;139;77.4;61820;10307;;248;144;70.5;55199;9203;;248;187;79.6;61574;10266;;248;73;55.6;45529;7591;;248;145;80.6;63902;10654;;248;131;72.9;59661;9947;;136.5;72.76666667
249;166;78.2;62816;10473;;249;194;72.2;56363;9397;;249;155;80.8;62504;10421;;249;66;55.9;45925;7657;;249;149;81.6;64796;10803;;249;136;73.2;60476;10083;;144.3333333;73.65
250;140;79.4;63656;10613;;250;140;73.4;57203;9537;;250;133;81.5;63302;10554;;250;82;56.4;46417;7739;;250;147;82.7;65678;10950;;250;137;74.2;61298;10220;;129.8333333;74.6
251;140;80.4;64496;10753;;251;128;74.4;57971;9665;;251;156;82.6;64238;10710;;251;93;56.8;46975;7832;;251;140;83.5;66517;11090;;251;123;74.9;62036;10343;;130;75.43333333
252;172;81.8;65528;10925;;252;150;75.6;58870;9815;;252;178;83.8;65306;10888;;252;108;57.6;47623;7940;;252;130;83.9;67297;11220;;252;153;76.2;62954;10496;;148.5;76.48333333
253;146;83;66403;11071;;253;131;76.5;59655;9946;;253;170;85.4;66325;11058;;253;92;58;48175;8032;;253;200;85.6;68496;11420;;253;149;77.4;63848;10645;;148;77.65
254;141;83.8;67249;11212;;254;146;77.2;60530;10092;;254;191;86.6;67471;11249;;254;154;59.1;49099;8186;;254;164;87;69478;11584;;254;133;78.3;64646;10778;;154.8333333;78.66666667
255;144;85;68112;11356;;255;200;78.9;61730;10292;;255;148;87.9;68358;11397;;255;116;59.8;49795;8302;;255;147;88;70360;11731;;255;133;79.6;65444;10911;;148;79.86666667
256;136;86;68927;11492;;256;160;80.2;62690;10452;;256;181;88.8;69442;11578;;256;105;60.6;50425;8407;;256;158;89.2;71307;11889;;256;171;80.4;66469;11082;;151.8333333;80.86666667
257;188;87.2;70054;11680;;257;160;81.4;63650;10612;;257;191;89.1;70587;11769;;257;111;61.5;51090;8518;;257;141;90.2;72152;12030;;257;139;81.6;67303;11221;;155;81.83333333
258;149;88.2;70947;11829;;258;158;82.1;64598;10770;;258;165;90.4;71577;11934;;258;95;62;51660;8613;;258;142;91.2;73004;12172;;258;158;82.9;68250;11379;;144.5;82.8
259;139;89.2;71781;11968;;259;155;83.2;65528;10925;;259;191;92;72722;12125;;259;94;62.6;52223;8707;;259;145;92.4;73874;12317;;259;189;83.9;69382;11568;;152.1666667;83.88333333
260;137;90.2;72602;12105;;260;160;84.7;66487;11085;;260;136;91.6;73538;12261;;260;112;63.5;52895;8819;;260;151;93.5;74780;12468;;260;146;84.8;70258;11714;;140.3333333;84.71666667
261;141;91;73448;12246;;261;141;84.8;67333;11226;;261;163;92.6;74516;12424;;261;200;65.3;54095;9019;;261;148;94.2;75668;12616;;261;146;85.7;71133;11860;;156.5;85.6
262;144;92;74312;12390;;262;185;86.2;68442;11411;;262;140;93.6;75356;12564;;262;129;66.2;54869;9148;;262;143;95;76526;12759;;262;146;86.8;72009;12006;;147.8333333;86.63333333
263;186;93.2;75428;12576;;263;143;87.1;69299;11554;;263;146;94.2;76232;12710;;263;130;67.4;55649;9278;;263;168;96.5;77533;12927;;263;143;87.8;72866;12149;;152.6666667;87.7
264;156;94.4;76364;12732;;264;147;88.3;70180;11701;;264;140;95.1;77072;12850;;264;136;68.5;56465;9414;;264;195;98;78703;13122;;264;138;88.9;73694;12287;;152;88.86666667
265;134;95.1;77168;12866;;265;165;89.5;71169;11866;;265;151;96.1;77977;13001;;265;140;69.6;57305;9554;;265;179;99.4;79776;13301;;265;151;90.2;74600;12438;;153.3333333;89.98333333
266;148;95.6;78055;13014;;266;148;90.8;72057;12014;;266;175;97.2;79027;13176;;266;120;70.3;58025;9674;;266;139;100.2;80609;13440;;266;149;91.1;75494;12587;;146.5;90.86666667
267;157;96.8;78997;13171;;267;142;92.2;72908;12156;;267;169;98;80040;13345;;267;187;71.4;59146;9861;;267;143;101.3;81467;13583;;267;135;92;76304;12722;;155.5;91.95
268;150;98;79896;13321;;268;175;93.4;73958;12331;;268;164;99.2;81023;13509;;268;153;72;60063;10014;;268;138;102.3;82295;13721;;268;136;93.2;77120;12858;;152.6666667;93.01666667
269;141;98.1;80741;13462;;269;144;93.9;74822;12475;;269;140;100.2;81863;13649;;269;150;73;60962;10164;;269;148;102.9;83183;13869;;269;161;94.4;78085;13019;;147.3333333;93.75
270;157;98.7;81683;13619;;270;168;95.1;75830;12643;;270;145;101.2;82733;13794;;270;148;74.1;61850;10312;;270;146;104;84058;14015;;270;177;95.7;79147;13196;;156.8333333;94.8
271;186;99.8;82799;13805;;271;138;95.9;76658;12781;;271;152;102;83644;13946;;271;152;75.3;62762;10464;;271;173;105;85096;14188;;271;147;96.7;80028;13343;;158;95.78333333
272;146;100.6;83674;13951;;272;145;96.6;77527;12926;;272;151;102.6;84550;14097;;272;200;76.9;63962;10664;;272;160;106.1;86054;14348;;272;169;98;81041;13512;;161.8333333;96.8
273;147;101.6;84556;14098;;273;147;97.5;78409;13073;;273;155;103.9;85479;14252;;273;166;78.3;64958;10830;;273;162;107.4;87026;14510;;273;151;99;81947;13663;;154.6666667;97.95
274;146;102.2;85431;14244;;274;141;98.4;79255;13214;;274;142;104.2;86330;14394;;274;133;79.4;65756;10963;;274;158;108.5;87974;14668;;274;162;100;82919;13825;;147;98.78333333
275;143;103.3;86288;14387;;275;135;99.3;80064;13349;;275;156;105.2;87266;14550;;275;163;80.9;66733;11126;;275;200;110;89174;14868;;275;177;101.4;83980;14002;;162.3333333;100.0166667
276;181;104.7;87374;14568;;276;176;100.5;81119;13525;;276;174;106.5;88310;14724;;276;163;82;67710;11289;;276;163;111;90152;15031;;276;165;101.8;84970;14167;;170.3333333;101.0833333
277;183;106.3;88472;14751;;277;135;101.4;81929;13660;;277;147;107.2;89192;14871;;277;169;82.7;68724;11458;;277;166;111.9;91148;15197;;277;183;103.3;86066;14350;;163.8333333;102.1333333
278;188;108;89600;14939;;278;177;102.1;82991;13837;;278;198;108.7;90380;15069;;278;200;84.2;69922;11658;;278;200;113.2;92348;15397;;278;164;104.4;87050;14514;;187.8333333;103.4333333
279;198;109.2;90788;15137;;279;178;103.4;84058;14015;;279;163;110;91358;15232;;279;156;85.3;70857;11814;;279;152;114.2;93260;15549;;279;156;105.5;87986;14670;;167.1666667;104.6
280;198;110.7;91976;15335;;280;143;104.5;84916;14158;;280;178;111.1;92426;15410;;280;200;87.2;72057;12014;;280;162;115.4;94232;15711;;280;159;107;88940;14829;;173.3333333;105.9833333
281;175;112;93026;15510;;281;162;105.3;85886;14320;;281;189;112.5;93560;15599;;281;155;88;72986;12169;;281;183;116.7;95330;15894;;281;177;108.2;90002;15006;;173.5;107.1166667
282;200;113.5;94226;15710;;282;146;106.4;86762;14466;;282;192;113.8;94712;15791;;282;137;89.2;73808;12306;;282;185;118;96438;16079;;282;162;109.4;90974;15168;;170.3333333;108.3833333
283;154;113.9;95150;15864;;283;173;107.4;87800;14639;;283;176;114.5;95768;15967;;283;145;90.5;74678;12451;;283;200;119.7;97638;16279;;283;190;110.8;92114;15358;;173;109.4666667
284;147;115;96032;16011;;284;160;108.4;88760;14799;;284;175;115.8;96816;16142;;284;169;91.7;75692;12620;;284;156;120.6;98574;16435;;284;193;112.3;93272;15551;;166.6666667;110.6333333
285;191;116.3;97176;16202;;285;174;109.3;89804;14973;;285;167;116.9;97818;16309;;285;141;92.8;76538;12761;;285;178;121.8;99642;16613;;285;163;113;94250;15714;;169;111.6833333
286;165;117.4;98166;16367;;286;200;110.6;91004;15173;;286;200;118.6;99018;16509;;286;143;93.8;77395;12904;;286;155;122.4;100571;16768;;286;142;114.1;95102;15856;;167.5;112.8166667
287;164;118.5;99150;16531;;287;158;111.2;91952;15331;;287;200;120.2;100217;16709;;287;140;94.4;78235;13044;;287;152;123.3;101483;16920;;287;161;115.4;96068;16017;;162.5;113.8333333
288;195;119.8;100319;16726;;288;200;112.7;93152;15531;;288;168;121.2;101225;16877;;288;187;95.9;79357;13231;;288;179;124.7;102557;17099;;288;164;116.4;97050;16181;;182.1666667;115.1166667
289;200;121.6;101519;16926;;289;179;114.3;94226;15710;;289;152;122;102137;17029;;289;156;97.3;80292;13387;;289;200;125.9;103757;17299;;289;191;117.8;98196;16372;;179.6666667;116.4833333
290;174;122.8;102563;17100;;290;158;115.7;95174;15868;;290;197;123.3;103319;17226;;290;151;97.9;81197;13538;;290;200;127.5;104957;17499;;290;176;119.1;99252;16548;;176;117.7166667
291;200;124.3;103763;17300;;291;200;117.5;96372;16068;;291;152;124.2;104231;17378;;291;135;98.8;82007;13673;;291;173;128.6;105995;17672;;291;158;120;100199;16706;;169.6666667;118.9
292;174;125.4;104807;17474;;292;200;118.8;97572;16268;;292;175;125.4;105281;17553;;292;172;100.3;83039;13845;;292;180;129.5;107075;17852;;292;200;121.4;101399;16906;;183.5;120.1333333
293;200;126.3;106007;17674;;293;161;119.6;98538;16429;;293;156;126.4;106217;17709;;293;134;100.8;83842;13979;;293;200;130.5;108274;18052;;293;163;122.6;102377;17069;;169;121.0333333
294;184;126.8;107111;17858;;294;190;121.1;99678;16619;;294;170;127.7;107237;17879;;294;174;102.1;84886;14153;;294;200;131.5;109473;18252;;294;179;123.7;103451;17248;;182.8333333;122.15
295;153;128;108028;18011;;295;200;122.3;100877;16819;;295;200;129.2;108436;18079;;295;199;103.8;86078;14352;;295;182;132.8;110565;18434;;295;171;124.8;104477;17419;;184.1666667;123.4833333
296;200;129.2;109227;18211;;296;183;122.1;101975;17002;;296;200;130.6;109635;18279;;296;152;104.7;86990;14504;;296;199;134.6;111759;18633;;296;200;126;105677;17619;;189;124.5333333
297;200;130.8;110427;18411;;297;145;123;102845;17147;;297;164;131.2;110619;18443;;297;162;105.7;87962;14666;;297;161;135.7;112725;18794;;297;170;126.6;106697;17789;;167;125.5
298;186;132.4;111543;18597;;298;176;123.7;103901;17323;;298;171;132.2;111645;18614;;298;186;107.1;89078;14852;;298;200;136.7;113924;18994;;298;152;127.7;107609;17941;;178.5;126.6333333
299;200;134;112743;18797;;299;195;124.7;105071;17518;;299;187;133.5;112767;18801;;299;182;108.6;90170;15034;;299;200;138;115124;19194;;299;190;129.1;108747;18131;;192.3333333;127.9833333
300;191;135.2;113888;18988;;300;165;125.4;106061;17683;;300;200;135;113966;19001;;300;160;109.8;91130;15194;;300;185;138.2;116234;19379;;300;177;130.5;109809;18308;;179.6666667;129.0166667
301;200;136.3;115088;19188;;301;149;126.5;106955;17832;;301;200;136.3;115166;19201;;301;161;110.8;92096;15355;;301;200;138.9;117434;19579;;301;200;132.1;111009;18508;;185;130.15
302;200;137.6;116288;19388;;302;186;127.5;108070;18018;;302;195;137.8;116336;19396;;302;158;111.7;93044;15513;;302;197;140.4;118614;19776;;302;197;132.8;112191;18705;;188.8333333;131.3
303;200;139.2;117488;19588;;303;191;129;109215;18209;;303;200;138.6;117536;19596;;303;167;112.3;94046;15680;;303;162;141.4;119586;19938;;303;165;133.4;113180;18870;;180.8333333;132.3166667
304;175;140.6;118536;19763;;304;185;130.3;110325;18394;;304;181;139.7;118620;19777;;304;200;113.7;95246;15880;;304;200;143;120786;20138;;304;195;134.9;114350;19065;;189.3333333;133.7
305;200;141.8;119736;19963;;305;200;131.7;111525;18594;;305;200;141.2;119820;19977;;305;152;114.5;96158;16032;;305;183;144.4;121884;20321;;305;200;136.5;115550;19265;;189.1666667;135.0166667
306;200;143.3;120936;20163;;306;200;133.4;112725;18794;;306;185;142.6;120930;20162;;306;183;115.6;97254;16215;;306;200;145.5;123083;20521;;306;200;137.5;116750;19465;;194.6666667;136.3166667
307;200;144.9;122136;20363;;307;200;134.4;113924;18994;;307;185;143.9;122040;20347;;307;168;116.7;98262;16383;;307;200;146.3;124283;20721;;307;200;138.8;117949;19665;;192.1666667;137.5
308;200;145.8;123335;20563;;308;195;135.9;115094;19189;;308;200;145.3;123239;20547;;308;159;117.6;99216;16542;;308;200;147.1;125483;20921;;308;171;139.9;118974;19836;;187.5;138.6
309;185;147.1;124445;20748;;309;200;137.5;116294;19389;;309;200;146.5;124439;20747;;309;154;118.2;100139;16696;;309;200;148.7;126683;21121;;309;182;140.4;120066;20018;;186.8333333;139.7333333
310;200;148.7;125645;20948;;310;175;138.6;117344;19564;;310;200;147.9;125639;20947;;310;162;119.2;101111;16858;;310;200;150.4;127883;21321;;310;195;142;121236;20213;;188.6666667;141.1333333
311;200;149.6;126845;21148;;311;197;140.2;118524;19761;;311;200;149.2;126839;21147;;311;156;120.4;102047;17014;;311;200;151.8;129083;21521;;311;200;143.2;122436;20413;;192.1666667;142.4
312;200;151.1;128045;21348;;312;179;141.3;119598;19940;;312;200;150.5;128039;21347;;312;200;121.7;103247;17214;;312;200;153.4;130283;21721;;312;183;144.5;123533;20596;;193.6666667;143.75
313;200;151.1;129245;21548;;313;200;142.7;120798;20140;;313;200;151.5;129239;21547;;313;173;122.8;104285;17387;;313;200;154.6;131483;21921;;313;200;146;124733;20796;;195.5;144.7833333
314;200;152.6;130445;21748;;314;200;144.2;121998;20340;;314;200;152.9;130439;21747;;314;178;123.8;105353;17565;;314;200;155.8;132683;22121;;314;200;147.3;125933;20996;;196.3333333;146.1
315;200;154.1;131645;21948;;315;200;146.1;123197;20540;;315;200;154.3;131639;21947;;315;187;125.3;106475;17752;;315;200;157.3;133883;22321;;315;200;148.8;127133;21196;;197.8333333;147.65
316;200;155.2;132845;22148;;316;200;147.4;124397;20740;;316;200;155.7;132839;22147;;316;167;126.2;107477;17919;;316;200;158.6;135083;22521;;316;200;149.8;128333;21396;;194.5;148.8166667
317;200;156.2;134045;22348;;317;200;148.4;125597;20940;;317;200;156.9;134039;22347;;317;155;127.1;108406;18074;;317;200;159.9;136282;22721;;317;200;150.1;129533;21596;;192.5;149.7666667
318;200;157.5;135244;22548;;318;200;149.8;126797;21140;;318;200;157.7;135238;22547;;318;170;128.4;109425;18244;;318;185;161;137392;22906;;318;200;151.3;130733;21796;;192.5;150.95
319;200;158.9;136444;22748;;319;185;151;127907;21325;;319;200;159.1;136438;22747;;319;174;129.4;110469;18418;;319;200;162;138592;23106;;319;200;152.6;131933;21996;;193.1666667;152.1666667
320;184;159.7;137548;22932;;320;200;152.3;129107;21525;;320;200;160.6;137638;22947;;320;200;130.4;111669;18618;;320;200;163.3;139792;23306;;320;200;154;133133;22196;;197.3333333;153.3833333
321;200;161;138748;23132;;321;200;153.4;130307;21725;;321;200;162;138838;23147;;321;200;131.9;112869;18818;;321;200;164.6;140991;23506;;321;200;155.2;134333;22396;;200;154.6833333
322;200;162.3;139948;23332;;322;200;154.8;131507;21925;;322;200;162.6;140038;23347;;322;155;133;113798;18973;;322;200;165.8;142191;23706;;322;200;156.6;135532;22596;;192.5;155.85
323;200;163.6;141147;23532;;323;200;155.8;132707;22125;;323;200;163.2;141237;23547;;323;200;134.5;114998;19173;;323;200;166.8;143391;23906;;323;200;157.9;136732;22796;;200;156.9666667
324;200;163.7;142347;23732;;324;200;157.1;133907;22325;;324;200;164.6;142437;23747;;324;200;136;116198;19373;;324;200;168.1;144590;24106;;324;197;159.2;137914;22993;;199.5;158.1166667
325;200;164.5;143547;23932;;325;200;158.6;135107;22525;;325;200;165.6;143637;23947;;325;200;137.5;117398;19573;;325;200;168.1;145790;24306;;325;200;160.5;139114;23193;;200;159.1333333
326;200;165.6;144746;24132;;326;200;159.9;136310;22725;;326;200;166.8;144836;24147;;326;200;138.9;118596;19773;;326;200;168.1;146990;24506;;326;200;161.8;140314;23393;;200;160.1833333
327;200;166.2;145946;24332;;327;200;161.4;137506;22925;;327;200;168;146036;24347;;327;189;140.3;119730;19962;;327;200;169.5;148190;24706;;327;200;163;141513;23593;;198.1666667;161.4
328;200;167.6;147146;24532;;328;200;162.9;138706;23125;;328;200;169.1;147236;24547;;328;200;141.7;120930;20162;;328;200;170.2;149390;24906;;328;200;163.9;142713;23793;;200;162.5666667
329;200;168.7;148346;24732;;329;200;163.7;139906;23325;;329;200;170.3;148436;24747;;329;188;142.8;122058;20350;;329;200;171.5;150590;25106;;329;200;164.4;143913;23993;;198;163.5666667
330;200;169.8;149546;24932;;330;200;165.1;141105;23525;;330;200;171.6;149636;24947;;330;191;144.1;123203;20541;;330;200;172.6;151790;25306;;330;200;165.7;145112;24193;;198.5;164.8166667
331;200;171;150746;25132;;331;200;166.5;142305;23725;;331;200;172.7;150836;25147;;331;200;144.6;124403;20741;;331;200;173.5;152990;25506;;331;200;166.7;146312;24393;;200;165.8333333
332;200;172;151946;25332;;332;200;167.6;143505;23925;;332;200;173.9;152036;25347;;332;200;145.5;125603;20941;;332;200;174.8;154190;25706;;332;200;167.8;147512;24593;;200;166.9333333
333;200;173;153146;25532;;333;200;168.9;144704;24125;;333;200;174.8;153236;25547;;333;200;146.1;126803;21141;;333;200;174.8;155389;25906;;333;200;168.9;148712;24793;;200;167.75
334;200;174.2;154346;25732;;334;200;168.9;145904;24325;;334;200;176;154436;25747;;334;200;147.3;128003;21341;;334;200;175.9;156589;26106;;334;200;169.3;149912;24993;;200;168.6
335;200;175.2;155545;25932;;335;200;170.2;147104;24525;;335;200;176.7;155635;25947;;335;200;148.4;129203;21541;;335;200;176.5;157789;26306;;335;200;170.6;151112;25193;;200;169.6
336;192;175.9;156697;26124;;336;200;170.7;148304;24725;;336;200;177.7;156835;26147;;336;200;149.9;130403;21741;;336;200;177.1;158989;26506;;336;200;171.6;152312;25393;;198.6666667;170.4833333
337;200;176.7;157897;26324;;337;198;171.1;149492;24923;;337;200;178.7;158035;26347;;337;200;151.6;131603;21941;;337;200;177.6;160188;26706;;337;200;171.6;153512;25593;;199.6666667;171.2166667
338;200;177.7;159097;26524;;338;200;172;150692;25123;;338;200;179.4;159235;26547;;338;200;152.9;132803;22141;;338;200;178;161387;26906;;338;200;172.6;154712;25793;;200;172.1
339;200;177.9;160296;26724;;339;200;172.5;151892;25323;;339;200;180.2;160434;26747;;339;200;154.1;134003;22341;;339;200;178.3;162587;27106;;339;200;173.5;155911;25993;;200;172.75
340;200;178.2;161495;26924;;340;200;173.5;153092;25523;;340;200;180.8;161633;26947;;340;200;155.4;135203;22541;;340;200;179;163787;27306;;340;200;174.4;157111;26193;;200;173.55
341;200;178.6;162695;27124;;341;185;174.3;154202;25708;;341;200;181.5;162833;27147;;341;200;156.3;136402;22741;;341;200;179.8;164987;27506;;341;200;175;158311;26393;;197.5;174.25
342;200;178.8;163895;27324;;342;200;174.3;155401;25908;;342;200;181.5;164033;27347;;342;200;157.7;137602;22941;;342;200;180.1;166187;27706;;342;200;175.4;159510;26593;;200;174.6333333
343;200;179.4;165095;27524;;343;200;175.3;156601;26108;;343;200;181.6;165233;27547;;343;200;158.9;138802;23141;;343;200;180.4;167385;27906;;343;200;175.6;160710;26793;;200;175.2
344;200;179.9;166295;27724;;344;200;176.2;157801;26308;;344;200;181.6;166433;27747;;344;200;160;140002;23341;;344;200;181.2;168584;28106;;344;200;176.2;161909;26993;;200;175.85
345;200;180.4;167493;27924;;345;200;177;159001;26508;;345;200;181.6;167631;27947;;345;200;161.3;141201;23541;;345;200;181.6;169783;28306;;345;200;176.5;163109;27193;;200;176.4
346;200;181;168692;28124;;346;200;177.6;160200;26708;;346;200;182.3;168830;28147;;346;200;162.5;142401;23741;;346;200;181.9;170983;28506;;346;200;177;164309;27393;;200;177.05
347;200;181.6;169891;28324;;347;200;178.5;161399;26908;;347;200;182.7;170029;28347;;347;200;164.2;143601;23941;;347;200;182;172182;28706;;347;200;177.8;165509;27593;;200;177.8
348;200;182.2;171091;28524;;348;200;179;162599;27108;;348;200;182.8;171229;28547;;348;200;165.5;144800;24141;;348;200;182.5;173382;28906;;348;200;178.5;166709;27793;;200;178.4166667
349;200;182.5;172290;28724;;349;200;179.1;163799;27308;;349;200;183.3;172428;28747;;349;200;166.8;146000;24341;;349;200;183;174581;29106;;349;200;179.1;167906;27993;;200;178.9666667
350;200;183.1;173490;28924;;350;200;179.7;164999;27508;;350;200;183.9;173628;28947;;350;200;168;147200;24541;;350;200;183.6;175781;29306;;350;200;179.7;169106;28193;;200;179.6666667
351;200;183.7;174689;29124;;351;200;180.4;166199;27708;;351;200;184.4;174827;29147;;351;200;169.1;148400;24741;;351;200;184.2;176981;29506;;351;200;180.5;170305;28393;;200;180.3833333
352;200;184;175889;29324;;352;200;180.9;167397;27908;;352;200;184.6;176027;29347;;352;200;170;149600;24941;;352;200;184.9;178181;29706;;352;200;181;171505;28593;;200;180.9
353;200;184.5;177089;29524;;353;200;181.6;168596;28108;;353;200;184.9;177227;29547;;353;200;171.1;150800;25141;;353;200;184.9;179381;29906;;353;200;181.5;172704;28793;;200;181.4166667
354;200;185.1;178289;29724;;354;200;182.2;169795;28308;;354;200;185;178427;29747;;354;200;171.6;152000;25341;;354;200;185.2;180580;30106;;354;200;182.2;173904;28993;;200;181.8833333
355;200;185.7;179489;29924;;355;200;182.2;170995;28508;;355;200;185.5;179627;29947;;355;200;172.4;153200;25541;;355;200;185.8;181780;30306;;355;200;182.8;175103;29193;;200;182.4
356;200;186.3;180688;30124;;356;200;182.6;172194;28708;;356;200;185.7;180826;30147;;356;200;173.3;154400;25741;;356;200;186.2;182979;30506;;356;200;183.1;176303;29393;;200;182.8666667
357;200;186.4;181887;30324;;357;200;183;173394;28908;;357;192;185.7;181977;30339;;357;200;174.2;155599;25941;;357;200;186.8;184179;30706;;357;200;183.7;177503;29593;;198.6666667;183.3
358;200;187;183087;30524;;358;200;183.4;174593;29108;;358;200;186;183177;30539;;358;193;175.2;156757;26134;;358;200;187.3;185379;30906;;358;200;184.1;178703;29793;;198.8333333;183.8333333
359;200;187.6;184287;30724;;359;200;183.8;175793;29308;;359;200;186.1;184377;30739;;359;200;176.3;157957;26334;;359;200;187.9;186579;31106;;359;200;184.2;179903;29993;;200;184.3166667
360;200;188.2;185487;30924;;360;200;184.2;176993;29508;;360;200;186.8;185577;30939;;360;200;177.2;159157;26534;;360;200;188.4;187779;31306;;360;200;184.8;181102;30193;;200;184.9333333
361;200;188.8;186687;31124;;361;200;184.8;178193;29708;;361;200;187.2;186777;31139;;361;200;177.2;160356;26734;;361;200;188.9;188978;31506;;361;200;185.3;182301;30393;;200;185.3666667
362;200;189.3;187887;31324;;362;200;185;179393;29908;;362;200;187.8;187977;31339;;362;200;177.9;161555;26934;;362;200;189.5;190178;31706;;362;200;185.9;183501;30593;;200;185.9
363;200;189.5;189086;31524;;363;200;185.5;180592;30108;;363;200;188.3;189176;31539;;363;199;178.6;162749;27133;;363;200;189.8;191378;31906;;363;200;186.4;184701;30793;;199.8333333;186.35
364;200;189.9;190286;31724;;364;200;186.1;181792;30308;;364;200;188.9;190376;31739;;364;200;179.2;163949;27333;;364;200;189.8;192578;32106;;364;200;187.1;185901;30993;;200;186.8333333
365;200;190.6;191486;31924;;365;200;186.4;182991;30508;;365;200;189.4;191576;31939;;365;200;179.8;165149;27533;;365;200;190;193778;32306;;365;200;187.6;187101;31193;;200;187.3
366;200;191.1;192686;32124;;366;200;186.9;184191;30708;;366;200;189.6;192776;32139;;366;200;180.6;166349;27733;;366;200;190.7;194978;32506;;366;200;188.1;188301;31393;;200;187.8333333
367;200;191.5;193886;32324;;367;200;187.5;185391;30908;;367;200;189.9;193976;32339;;367;200;180.7;167547;27933;;367;200;191.2;196178;32706;;367;200;188.7;189500;31593;;200;188.25
368;200;192;195086;32524;;368;200;187.8;186591;31108;;368;200;190.3;195176;32539;;368;200;181.2;168746;28133;;368;200;191.8;197378;32906;;368;200;189.4;190700;31793;;200;188.75
369;200;192.6;196286;32724;;369;200;188.3;187791;31308;;369;197;190.9;196358;32736;;369;200;181.7;169945;28333;;369;200;192.4;198578;33106;;369;200;189.7;191900;31993;;199.5;189.2666667
370;200;193;197486;32924;;370;200;188.6;188990;31508;;370;200;191.4;197558;32936;;370;200;182.2;171145;28533;;370;200;192.9;199778;33306;;370;200;190;193100;32193;;200;189.6833333
371;200;193.2;198686;33124;;371;200;189.3;190190;31708;;371;200;191.9;198758;33136;;371;200;182.7;172344;28733;;371;200;193.2;200977;33506;;371;200;190.5;194300;32393;;200;190.1333333
372;200;193.7;199886;33324;;372;200;189.8;191390;31908;;372;200;192.4;199958;33336;;372;200;182.7;173544;28933;;372;200;193.6;202177;33706;;372;200;190.8;195500;32593;;200;190.5
373;200;194.3;201085;33524;;373;200;190.4;192590;32108;;373;200;192.8;201157;33536;;373;200;183;174743;29133;;373;200;194;203376;33906;;373;200;191.3;196700;32793;;200;190.9666667
374;200;194.8;202285;33724;;374;200;190.9;193790;32308;;374;200;193.4;202357;33736;;374;200;183.7;175943;29333;;374;200;194.4;204576;34106;;374;200;191.7;197900;32993;;200;191.4833333
375;200;195.4;203484;33924;;375;200;191.6;194990;32508;;375;200;193.9;203556;33936;;375;200;184.1;177143;29533;;375;200;194.4;205775;34306;;375;200;191.9;199100;33193;;200;191.8833333
376;200;195.6;204684;34124;;376;200;191.8;196190;32708;;376;200;194.1;204756;34136;;376;200;184.4;178343;29733;;376;200;194.8;206975;34506;;376;200;192.3;200300;33393;;200;192.1666667
377;200;195.7;205883;34324;;377;200;192.5;197390;32908;;377;200;194.6;205955;34336;;377;200;184.8;179543;29933;;377;200;195.1;208175;34706;;377;200;192.4;201499;33593;;200;192.5166667
378;200;195.8;207083;34524;;378;200;192.7;198590;33108;;378;200;194.7;207155;34536;;378;200;184.8;180742;30133;;378;200;195.1;209375;34906;;378;200;192.8;202699;33793;;200;192.65
379;200;195.9;208283;34724;;379;200;192.9;199790;33308;;379;200;195;208355;34736;;379;200;185.2;181941;30333;;379;200;195.6;210575;35106;;379;200;193.2;203898;33993;;200;192.9666667
380;200;195.9;209483;34924;;380;200;193.5;200989;33508;;380;200;195.3;209555;34936;;380;200;185.2;183141;30533;;380;200;196;211775;35306;;380;200;193.6;205098;34193;;200;193.25
381;200;196.1;210683;35124;;381;200;193.9;202189;33708;;381;200;195.4;210755;35136;;381;200;185.6;184341;30733;;381;200;196.1;212975;35506;;381;200;193.9;206297;34393;;200;193.5
382;200;196.1;211883;35324;;382;200;194.4;203388;33908;;382;200;195.4;211955;35336;;382;200;186.3;185541;30933;;382;200;196.3;214174;35706;;382;200;194.2;207497;34593;;200;193.7833333
383;200;196.6;213083;35524;;383;200;194.7;204588;34108;;383;200;195.7;213155;35536;;383;200;186.8;186741;31133;;383;200;196.3;215373;35906;;383;200;194.4;208697;34793;;200;194.0833333
384;200;197.1;214282;35724;;384;200;195.1;205787;34308;;384;200;195.9;214354;35736;;384;200;187.1;187941;31333;;384;200;196.7;216573;36106;;384;200;194.4;209897;34993;;200;194.3833333
385;200;197.2;215481;35924;;385;200;195.4;206987;34508;;385;200;196.3;215553;35936;;385;200;187.7;189140;31533;;385;178;196.7;217641;36284;;385;200;194.8;211097;35193;;196.3333333;194.6833333
386;200;197.6;216681;36124;;386;200;195.4;208188;34708;;386;200;196.3;216753;36136;;386;200;188.3;190340;31733;;386;200;197.2;218841;36484;;386;200;195.4;212297;35393;;200;195.0333333
387;200;197.9;217881;36324;;387;200;195.8;209387;34908;;387;200;196.3;217953;36336;;387;200;188.9;191540;31933;;387;200;197.6;220041;36684;;387;200;195.8;213496;35593;;200;195.3833333
388;200;198;219081;36524;;388;200;195.8;210587;35108;;388;200;196.6;219153;36536;;388;200;189;192740;32133;;388;200;197.8;221241;36884;;388;200;196.1;214695;35793;;200;195.55
389;200;198;220281;36724;;389;200;196;211787;35308;;389;200;197.1;220353;36736;;389;200;189.5;193940;32333;;389;200;197.8;222441;37084;;389;200;196.2;215895;35993;;200;195.7666667
390;200;198.2;221481;36924;;390;200;196.4;212987;35508;;390;200;197.1;221553;36936;;390;200;190;195140;32533;;390;200;197.8;223640;37284;;390;200;196.4;217095;36193;;200;195.9833333
391;200;198.2;222680;37124;;391;200;196.4;214186;35708;;391;200;197.6;222752;37136;;391;200;190.6;196340;32733;;391;200;198.1;224839;37484;;391;200;196.9;218295;36393;;200;196.3
392;200;198.5;223879;37324;;392;200;196.4;215385;35908;;392;200;197.8;223951;37336;;392;200;190.9;197540;32933;;392;200;198.3;226036;37684;;392;200;196.9;219495;36593;;200;196.4666667
393;200;198.5;225078;37524;;393;200;196.8;216585;36108;;393;200;198.3;225150;37536;;393;200;191.5;198740;33133;;393;200;198.3;227236;37884;;393;200;197.2;220695;36793;;200;196.7666667
394;200;198.7;226276;37724;;394;200;196.9;217785;36308;;394;200;198.6;226348;37736;;394;196;191.8;199916;33329;;394;200;198.3;228435;38084;;394;200;197.4;221895;36993;;199.3333333;196.95
395;200;199.1;227475;37924;;395;200;196.9;218985;36508;;395;200;198.6;227547;37936;;395;200;191.8;201115;33529;;395;200;198.5;229635;38284;;395;200;197.7;223094;37193;;200;197.1
396;200;199.1;228675;38124;;396;200;197.1;220185;36708;;396;200;198.6;228747;38136;;396;200;192.2;202315;33729;;396;200;198.5;230833;38484;;396;200;197.7;224293;37393;;200;197.2
397;200;199.1;229875;38324;;397;200;197.6;221385;36908;;397;200;198.9;229947;38336;;397;200;192.6;203514;33929;;397;200;198.9;232030;38684;;397;200;198;225491;37593;;200;197.5166667
398;200;199.3;231071;38524;;398;200;197.8;222584;37108;;398;200;199.2;231143;38536;;398;200;192.8;204714;34129;;398;200;198.9;233230;38884;;398;200;198.5;226690;37793;;200;197.75
399;200;199.3;232270;38724;;399;200;197.9;223783;37308;;399;200;199.4;232342;38736;;399;200;193;205913;34329;;399;200;198.9;234430;39084;;399;200;198.6;227889;37993;;200;197.85
400;200;199.4;233470;38924;;400;200;198.2;224982;37508;;400;200;199.4;233542;38936;;400;200;193.4;207113;34529;;400;200;199;235630;39284;;400;200;198.8;229089;38193;;200;198.0333333
401;200;199.4;234670;39124;;401;200;198.8;226180;37708;;401;200;199.4;234742;39136;;401;200;193.7;208313;34729;;401;200;199;236829;39484;;401;200;198.8;230289;38393;;200;198.1833333
402;200;199.4;235870;39324;;402;200;198.9;227379;37908;;402;200;199.4;235942;39336;;402;200;194.2;209513;34929;;402;200;199.1;238029;39684;;402;200;198.9;231485;38593;;200;198.3166667
403;200;199.4;237069;39524;;403;200;199;228579;38108;;403;200;199.4;237141;39536;;403;200;194.5;210713;35129;;403;200;199.5;239229;39884;;403;200;199.2;232684;38793;;200;198.5
404;200;199.6;238269;39724;;404;200;199.1;229779;38308;;404;200;199.6;238341;39736;;404;200;194.5;211913;35329;;404;200;199.5;240429;40084;;404;200;199.3;233884;38993;;200;198.6
405;200;199.6;239469;39924;;405;200;199.1;230976;38508;;405;200;199.6;239541;39936;;405;200;195;213113;35529;;405;200;199.6;241629;40284;;405;200;199.3;235084;39193;;200;198.7
406;200;199.6;240669;40124;;406;200;199.1;232174;38708;;406;200;199.7;240741;40136;;406;200;195.1;214312;35729;;406;200;199.6;242829;40484;;406;200;199.3;236283;39393;;200;198.7333333
407;200;199.6;241869;40324;;407;200;199.1;233374;38908;;407;200;199.9;241941;40336;;407;200;195.5;215511;35929;;407;200;199.6;244028;40684;;407;200;199.3;237483;39593;;200;198.8333333
408;200;199.6;243068;40524;;408;200;199.2;234574;39108;;408;200;199.9;243140;40536;;408;200;195.9;216711;36129;;408;200;199.6;245228;40884;;408;200;199.6;238683;39793;;200;198.9666667
409;200;199.8;244268;40724;;409;200;199.2;235774;39308;;409;200;199.9;244340;40736;;409;200;196.3;217911;36329;;409;200;199.6;246428;41084;;409;200;199.8;239883;39993;;200;199.1
410;200;199.8;245468;40924;;410;200;199.4;236973;39508;;410;200;199.9;245540;40936;;410;200;196.7;219111;36529;;410;200;199.6;247628;41284;;410;200;199.8;241083;40193;;200;199.2
411;200;199.8;246668;41124;;411;200;199.5;238173;39708;;411;200;199.9;246740;41136;;411;200;197.2;220311;36729;;411;200;199.6;248828;41484;;411;200;199.8;242283;40393;;200;199.3
412;200;199.8;247868;41324;;412;195;199.6;239343;39903;;412;200;199.9;247940;41336;;412;200;197.2;221511;36929;;412;200;199.6;250028;41684;;412;200;200;243482;40593;;199.1666667;199.35
413;200;199.8;249068;41524;;413;200;199.6;240543;40103;;413;200;199.9;249140;41536;;413;200;197.4;222710;37129;;413;200;199.6;251226;41884;;413;200;200;244682;40793;;200;199.3833333
414;200;199.8;250268;41724;;414;200;199.6;241743;40303;;414;200;199.9;250340;41736;;414;200;197.6;223909;37329;;414;200;199.6;252426;42084;;414;200;200;245882;40993;;200;199.4166667
415;200;199.8;251466;41924;;415;200;199.6;242942;40503;;415;200;199.9;251538;41936;;415;200;197.8;225108;37529;;415;200;199.6;253626;42284;;415;200;200;247082;41193;;200;199.45
416;200;199.8;252666;42124;;416;200;199.6;244142;40703;;416;200;199.9;252738;42136;;416;200;198.1;226306;37729;;416;200;199.6;254825;42484;;416;200;200;248282;41393;;200;199.5
417;200;199.8;253866;42324;;417;200;199.6;245342;40903;;417;200;199.9;253938;42336;;417;200;198.6;227505;37929;;417;200;199.6;256024;42684;;417;200;200;249482;41593;;200;199.5833333
418;200;199.8;255065;42524;;418;200;199.6;246542;41103;;418;200;199.9;255137;42536;;418;200;198.8;228705;38129;;418;200;199.8;257223;42884;;418;200;200;250682;41793;;200;199.65
419;200;199.8;256264;42724;;419;200;199.8;247742;41303;;419;200;199.9;256336;42736;;419;200;199.1;229905;38329;;419;200;200;0;0;;419;200;200;251880;41993;;200;199.7666667
420;200;199.9;257463;42924;;420;200;199.8;248942;41503;;420;200;199.9;257535;42936;;420;200;199.1;231101;38529;;420;200;200;0;0;;420;200;200;253080;42193;;200;199.7833333
421;200;200;0;0;;421;200;199.8;250142;41703;;421;200;200;0;0;;421;199;199.1;232294;38728;;421;200;200;0;0;;421;200;200;254280;42393;;199.8333333;199.8166667
422;200;200;0;0;;422;200;199.8;251340;41903;;422;200;200;0;0;;422;200;199.6;233494;38928;;422;200;200;0;0;;422;200;200;255479;42593;;200;199.9
423;200;200;0;0;;423;200;199.8;252540;42103;;423;200;200;0;0;;423;200;199.6;234694;39128;;423;200;200;0;0;;423;200;200;256678;42793;;200;199.9
424;200;200;0;0;;424;200;199.8;253740;42303;;424;200;200;0;0;;424;200;199.6;235894;39328;;424;200;200;0;0;;424;200;200;257877;42993;;200;199.9
425;200;200;0;0;;425;200;199.8;254939;42503;;425;200;200;0;0;;425;200;199.6;237093;39528;;425;200;200;0;0;;425;200;200;0;0;;200;199.9
426;200;200;0;0;;426;200;199.8;256138;42703;;426;200;200;0;0;;426;200;199.6;238293;39728;;426;200;200;0;0;;426;200;200;0;0;;200;199.9
427;200;200;0;0;;427;200;199.8;257337;42903;;427;200;200;0;0;;427;200;199.7;239493;39928;;427;200;200;0;0;;427;200;200;0;0;;200;199.9166667
428;200;200;0;0;;428;200;200;0;0;;428;200;200;0;0;;428;200;199.7;240693;40128;;428;200;200;0;0;;428;200;200;0;0;;200;199.95
429;200;200;0;0;;429;200;200;0;0;;429;200;200;0;0;;429;200;199.8;241893;40328;;429;200;200;0;0;;429;200;200;0;0;;200;199.9666667
430;200;200;0;0;;430;200;200;0;0;;430;200;200;0;0;;430;200;199.9;243092;40528;;430;200;200;0;0;;430;200;200;0;0;;200;199.9833333
431;200;200;0;0;;431;200;200;0;0;;431;200;200;0;0;;431;200;199.9;244292;40728;;431;200;200;0;0;;431;200;200;0;0;;200;199.9833333
432;200;200;0;0;;432;200;200;0;0;;432;200;200;0;0;;432;200;199.9;245492;40928;;432;200;200;0;0;;432;200;200;0;0;;200;199.9833333
433;200;200;0;0;;433;200;200;0;0;;433;200;200;0;0;;433;200;199.9;246692;41128;;433;200;200;0;0;;433;200;200;0;0;;200;199.9833333
434;200;200;0;0;;434;200;200;0;0;;434;200;200;0;0;;434;200;199.9;247892;41328;;434;200;200;0;0;;434;200;200;0;0;;200;199.9833333
435;200;200;0;0;;435;200;200;0;0;;435;200;200;0;0;;435;200;199.9;249092;41528;;435;200;200;0;0;;435;200;200;0;0;;200;199.9833333
436;200;200;0;0;;436;200;200;0;0;;436;200;200;0;0;;436;200;199.9;250292;41728;;436;200;200;0;0;;436;200;200;0;0;;200;199.9833333
437;200;200;0;0;;437;200;200;0;0;;437;200;200;0;0;;437;200;199.9;251490;41928;;437;200;200;0;0;;437;200;200;0;0;;200;199.9833333
438;200;200;0;0;;438;200;200;0;0;;438;200;200;0;0;;438;200;199.9;252690;42128;;438;200;200;0;0;;438;200;200;0;0;;200;199.9833333
439;200;200;0;0;;439;200;200;0;0;;439;200;200;0;0;;439;200;199.9;253890;42328;;439;200;200;0;0;;439;200;200;0;0;;200;199.9833333
440;200;200;0;0;;440;200;200;0;0;;440;200;200;0;0;;440;200;199.9;255089;42528;;440;200;200;0;0;;440;200;200;0;0;;200;199.9833333
441;200;200;0;0;;441;200;200;0;0;;441;200;200;0;0;;441;200;199.9;256288;42728;;441;200;200;0;0;;441;200;200;0;0;;200;199.9833333
442;200;200;0;0;;442;200;200;0;0;;442;200;200;0;0;;442;200;199.9;257487;42928;;442;200;200;0;0;;442;200;200;0;0;;200;199.9833333
